
━━━ Version Check ━━━
🔍 检查版本号一致性
🔧 根版本: 7.4.0
📦 ccr-types 版本: 7.4.0
📦 ccr-db 版本: 7.4.0
⚛️  前端版本: 7.4.0
🖥️  Tauri Cargo 版本: 7.4.0
🖥️  Tauri Conf 版本: 7.4.0
🖼️  appMeta.ts (config) 版本: 7.4.0
📘 ccr-ui/README.md 徽章版本: 7.4.0
🔌 VSCode 扩展版本: 7.4.0
✅ 版本一致性检查通过
📄 ccr-ui/README.md version: 7.4.0
📦 canonical package manager: bun@1.4.0
📚 docs package manager mirror: bun@1.4.0
🦀 rust-version: 1.95, edition: 2024
🔒 JS lock strategy: ccr-ui/bun.lock and docs/bun.lock only
✅ 文档/锁文件 drift 检查通过
Repeated dependencies checked: 19
Active exceptions: 1
  - toml root=1.1.4 tauri=0.9.8
root/Tauri dependency and MSRV governance check passed
  Version Check ....... 00:02.113  OK

━━━ Format Check ━━━
.....
----------------------------------------------------------------------
Ran 5 tests in 0.007s

OK
JSON configuration formatting checked: 11 files
🔍 检查代码格式
📌 模式: 仅验证，不修改文件
cargo fmt -- --check
cargo fmt --manifest-path ccr-ui/src-tauri/Cargo.toml -- --check
✅ 代码格式符合规范
  Format Check ........ 00:05.942  OK

━━━ OMP Check ━━━
bun test scripts/trellis/omp-context.test.ts
bun test v1.4.2 (744846f84)

scripts\trellis\omp-context.test.ts:
(pass) OMP Trellis buildTaskContext > main and each role receive prd/design/implement markers [28.05ms]
(pass) OMP Trellis buildTaskContext > jsonl files stay isolated by role [21.24ms]
(pass) OMP Trellis buildTaskContext > lightweight task without design/implement still reads PRD [2.46ms]
(pass) OMP Trellis buildTaskContext > missing task files do not crash session_start [2.25ms]
(pass) OMP Trellis buildTaskContext > out-of-trust jsonl paths stay rejected [8.67ms]
(pass) OMP Trellis buildTaskContext > legacy info.md remains available to every role [19.28ms]
(pass) OMP Trellis buildTaskContext > design and implementation edits refresh the existing session cache [19.51ms]
(pass) OMP Trellis buildTaskContext > artifact and referenced-file symlinks cannot read outside trusted roots [8.87ms]
(pass) OMP Trellis buildTaskContext > explicit trusted roots permit artifact and manifest symlinks [13.00ms]
(pass) OMP Trellis buildTaskContext > artifact and file caps truncate on complete UTF-8 characters [8.36ms]
(pass) OMP Trellis buildTaskContext > total context cap emits a required-read notice without oversized content [6.21ms]
(pass) OMP Trellis buildTaskContext > a cap smaller than the wrapper emits no malformed payload [4.28ms]
(pass) OMP Trellis buildTaskContext > binary and malformed UTF-8 artifacts stay omitted [7.61ms]
(pass) OMP Trellis buildTaskContext > oversized manifests are omitted before parsing their entries [6.84ms]

 14 pass
 0 fail
 99 expect() calls
Ran 14 tests across 1 file. [481.00ms]
  OMP Check ........... 00:00.812  OK

━━━ Harness Check ━━━
python -m unittest scripts.quality.test_check_harness_contracts
.....................
----------------------------------------------------------------------
Ran 21 tests in 0.752s

OK
python scripts/quality/check_harness_contracts.py
Harness contract check passed: 6 shared files, 5 harnesses
Static guidance only; native loading, trust, and account settings remain unverified.
  Harness Check ....... 00:01.646  OK

━━━ Copilot Check ━━━
━━━━━━━━━━━━━━━━━━━━━━━━━━━━━━━━━━━━━━━━━━━━━━━
🤖 GitHub Copilot 工作区资产检查
━━━━━━━━━━━━━━━━━━━━━━━━━━━━━━━━━━━━━━━━━━━━━━━
node --test scripts/quality/check-copilot-assets.test.mjs
✔ accepts LF with no BOM without changing bytes (312.4772ms)
✔ accepts LF with BOM without changing bytes (315.7322ms)
✔ accepts CRLF with no BOM without changing bytes (304.8579ms)
✔ accepts CRLF with BOM without changing bytes (306.6442ms)
✔ rejects missing field (327.0735ms)
✔ rejects empty plain value (307.0706ms)
✔ rejects empty double-quoted value (306.124ms)
✔ rejects empty single-quoted value (320.8946ms)
✔ rejects whitespace-only value (317.4007ms)
✔ rejects comment-only value (309.2329ms)
✔ rejects null value (333.5422ms)
✔ rejects missing opening delimiter (335.732ms)
✔ rejects false opening delimiter (323.4355ms)
✔ rejects unclosed header (369.7072ms)
✔ rejects false closing delimiter (383.5115ms)
✔ rejects missing field separator (318.7988ms)
✔ rejects duplicate field (321.4717ms)
✔ rejects unclosed quoted value (327.3012ms)
✔ rejects mismatched quoted value (310.4021ms)
✔ rejects invalid double-quote escape (308.9775ms)
✔ rejects structured required value (330.9642ms)
✔ requires applyTo in its asset type (319.2663ms)
✔ requires agent in its asset type (324.2355ms)
✔ requires name in its asset type (324.6926ms)
✔ accepts quoted comments and an exact closing delimiter at EOF (314.5742ms)
✔ requires shared rules to be tracked even when the file exists (373.2483ms)
✔ local skills do not replace tracked shared skills (391.5373ms)
✔ rejects a missing tracked shared skill (313.2097ms)
✔ rejects missing expected assets (317.9545ms)
✔ rejects tracked terminology drift case 1 (422.4664ms)
✔ rejects tracked terminology drift case 2 (365.7761ms)
✔ rejects tracked terminology drift case 3 (374.8665ms)
✔ rejects tracked terminology drift case 4 (388.4108ms)
✔ rejects tracked terminology drift case 5 (368.4645ms)
ℹ tests 34
ℹ suites 0
ℹ pass 34
ℹ fail 0
ℹ cancelled 0
ℹ skipped 0
ℹ todo 0
ℹ duration_ms 12008.3273
node scripts/quality/check-copilot-assets.mjs
Validated 12 GitHub Copilot workspace assets.
Scanned 4807 tracked files for terminology drift.
✅ GitHub Copilot 工作区资产检查通过
  Copilot Check ....... 00:15.398  OK

━━━ Strict Clippy ━━━
🔥 运行严格 Clippy 检查
⚠️  模式: 所有警告视为错误 + 禁止 unwrap
📌 注意: 测试代码中的 unwrap 会产生警告
python scripts/quality/check_secret_writes.py
Sensitive persistence policy check passed
cargo clippy --workspace --all-targets --all-features -- -D warnings -D clippy::unwrap_used
    Finished `dev` profile [unoptimized + debuginfo] target(s) in 1.47s
mbx[savings]: escorted 37.8 GiB logical of ownerless outputs off the premises.
✅ 严格 Clippy 检查通过
  Strict Clippy ....... 00:05.744  OK

━━━ Workspace Check ━━━
🔍 运行工作区类型检查...
💡 覆盖新拆分 crates，避免旁路 crate 漂移
cargo check --workspace
    Finished `dev` profile [unoptimized + debuginfo] target(s) in 0.93s
mbx[savings]: 2089 compilations served. ask rustc how many it remembers doing.
✅ 工作区类型检查通过
  Workspace Check ..... 00:03.930  OK

━━━ Test ━━━
━━━━━━━━━━━━━━━━━━━━━━━━━━━━━━━━━━━━━━━━━━━━━━━
✅ 运行测试套件
━━━━━━━━━━━━━━━━━━━━━━━━━━━━━━━━━━━━━━━━━━━━━━━
📊 模式: 完整工作区测试
并行策略: 默认并行；仅共享进程状态的用例使用显式 crate 内锁
cargo test --workspace --all-features -- --skip export_bindings
    Finished `test` profile [unoptimized + debuginfo] target(s) in 0.88s
     Running unittests src\lib.rs (target\debug\deps\ccr-26640b2660ef243f.exe)

running 0 tests

test result: ok. 0 passed; 0 failed; 0 ignored; 0 measured; 0 filtered out; finished in 0.00s

     Running unittests src\main.rs (target\debug\deps\ccr-b69088ab180963a8.exe)

running 1 test
test tests::test_cli_parsing ... ok

test result: ok. 1 passed; 0 failed; 0 ignored; 0 measured; 0 filtered out; finished in 0.00s

     Running tests\commands.rs (target\debug\deps\commands-ede228f9c3dd32ff.exe)

running 117 tests
test clean::clean_backups_subcommand_dry_run_keeps_old_backup ... ok
test clean::clean_menu_can_cancel_without_running_target ... ok
test clean::clean_menu_number_can_run_backups_target ... ok
test clean::clean_planfiles_all_dry_run_finds_nested_files ... ok
test clean::clean_menu_auto_yes_runs_default_planfiles_target ... ok
test clean::clean_planfiles_all_dry_run_includes_hidden_and_ignored_dirs ... ok
test clean::clean_all_runs_recursive_planfiles_without_menu ... ok
test clean::clean_planfiles_all_yes_removes_nested_target_files ... ok
test clean::clean_backups_corrupt_config_fails_without_deleting_backup ... ok
test clean::clean_planfiles_yes_removes_only_root_target_files ... ok
test clean::clean_planfiles_dry_run_defaults_to_root_only_for_hidden_and_ignored_dirs ... ok
test clean::clean_planfiles_dry_run_defaults_to_root_files_only ... ok
test clean::clean_menu_default_number_runs_planfiles_target ... ok
test claude_profile::claude_profile_list_json_reports_current_profile ... ok
test claude_profile::claude_profile_current_json_returns_single_claude_card ... ok
test claude_profile::claude_profile_off_clears_managed_env_without_pointer_and_keeps_user_key ... ok
test claude_profile::claude_profile_init_is_inactive_idempotent_and_preserves_runtime ... ok
test codex_fix::codex_fix_default_path_does_not_invoke_codex_binary ... ok
test claude_profile::claude_auth_off_deletes_credentials_and_keeps_onboarding ... ok
test claude_profile::claude_profile_off_clears_stale_profiles_file_pointer_and_settings_overrides ... ok
test codex_fix::codex_fix_doctor_missing_binary_exits_127 ... ok
test codex_fix::codex_fix_doctor_json_renders_version_and_status ... ok
test codex_fix::codex_fix_doctor_persists_sanitized_report_when_not_dry_run ... ok
test codex_fix::codex_fix_doctor_non_json_spawns_once_and_renders_text ... ok
test codex_fix::codex_fix_doctor_snapshot_change_exits_3_and_does_not_keep_old_profile ... ok
test codex_fix::codex_fix_dry_run_repair_reports_drift_without_writing_runtime ... ok
test codex_fix::codex_fix_doctor_warning_prints_non_ok_check_id ... ok
test codex_profile::codex_auth_off_deletes_auth_json_and_keeps_profile_pointer ... ok
test codex_profile::codex_profile_list_json_reports_current_profile ... ok
test codex_fix::codex_fix_runs_doctor_when_runtime_inspection_is_unavailable ... ok
test codex_fix::codex_fix_repair_runtime_restores_deepseek_fields_without_secret_output ... ok
test codex_profile::codex_profile_current_json_returns_single_codex_card ... ok
test codex_profile::codex_profile_off_is_idempotent_when_no_active_profile ... ok
test codex_profile::codex_profile_off_keeps_official_api_key_without_pointer ... ok
test current::current_default_output_centers_runtime_cards_not_current_platform_banner ... ok
test current::current_json_reports_mixed_runtime_states_with_legacy_registry_present ... ok
test codex_profile::codex_profile_off_clears_default_home_auth_when_codex_home_redirects ... ok
test current::current_json_uses_runtime_overview_schema_without_legacy_current_platform ... ok
test doctor::doctor_default_scope_does_not_follow_legacy_current_platform ... ok
test doctor::doctor_all_platforms_includes_each_configured_platform ... ok
test doctor::doctor_fails_when_claude_subscription_is_missing ... ok
test codex_profile::codex_profile_off_clears_stale_profiles_file_pointer_and_auth_json ... ok
test doctor::doctor_fails_when_codex_credential_store_is_not_file ... ok
test doctor::doctor_rejects_conflicting_scope_flags ... ok
test codex_profile::codex_profile_off_scrubs_api_key_without_snapshot_when_pointer_exists ... ok
test codex_profile::codex_profile_init_is_inactive_idempotent_and_preserves_runtime ... ok
test claude_profile::claude_profile_off_is_idempotent_when_no_active_profile ... ok
test doctor::doctor_reports_healthy_configured_claude_runtime ... ok
test doctor::doctor_reports_platform_visible_subscription_state_without_competing_sources ... ok
test doctor::doctor_reports_visible_auth_sources_without_leaking_credentials ... ok
test doctor::doctor_warns_for_glm_placeholder_and_missing_runtime_envs ... ok

初始化 Grok Build Profiles
=======================

[OK] 已创建 profiles 模板: C:\Users\lyh\AppData\Local\Temp\.tmpHikJL5\home\.ccr\platforms\grok\profiles.toml
[OK] 已注册平台: grok

[INFO] 下一步:
  1. 编辑模板: C:\Users\lyh\AppData\Local\Temp\.tmpHikJL5\home\.ccr\platforms\grok\profiles.toml
  2. 或创建 profile: ccr grok profile create --help
  3. 查看 profiles: ccr grok profile list
  4. 激活 profile: ccr grok profile switch <name>
test grok_profile::grok_profile_init_preserves_existing_unparseable_profiles_file ... ok
test help::bare_project_requires_an_explicit_action ... ok
test help::codex_fix_help_exposes_explicit_runtime_repair ... ok
test claude_profile::claude_profile_crud_commands_support_vscode_surface ... ok

初始化 Grok Build Profiles
=======================

[INFO] profiles 文件已存在，保持不变: C:\Users\lyh\AppData\Local\Temp\.tmpHikJL5\home\.ccr\platforms\grok\profiles.toml
[INFO] 平台已注册: grok

[INFO] 下一步:
  1. 编辑模板: C:\Users\lyh\AppData\Local\Temp\.tmpHikJL5\home\.ccr\platforms\grok\profiles.toml
  2. 或创建 profile: ccr grok profile create --help
  3. 查看 profiles: ccr grok profile list
  4. 激活 profile: ccr grok profile switch <name>
test grok_profile::concurrent_grok_profile_init_is_lossless_and_idempotent ... ok
test help::grok_auth_help_includes_logout_boundary ... ok
test grok_profile::grok_profile_init_json_reports_first_and_idempotent_runs ... ok
test grok_auth::grok_auth_save_original_command ... ok
test codex_profile::codex_profile_switches_deepseek_bearer_and_clears_runtime_on_off ... ok
test claude_profile::claude_profile_switch_and_off_keep_official_auth_current ... ok
test help::platform_not_found_message_recommends_supported_profile_init_commands ... ok
test help::initialized_ccr_init_output_does_not_recommend_retired_platform_init ... ok
test codex_profile::codex_profile_switch_and_off_clears_runtime_route_and_auth_json ... ok
test help::help_subcommand_matches_root_help ... ok
test codex_profile::codex_profile_crud_commands_support_vscode_surface ... ok
test grok_profile::grok_profile_rejects_array_env_key_and_legacy_platform_switch ... ok
test help::help_subcommand_supports_clean_path ... ok
test help::help_subcommand_supports_nested_codex_auth_path ... ok
test help::help_subcommand_supports_platform_path ... ok
test help::legacy_init_help_remains_user_configuration_command ... ok
test grok_profile::grok_profile_init_creates_inactive_template_without_touching_runtime ... ok
test help::legacy_platform_init_grok_remains_parseable_and_returns_migration_error ... ok
test help::root_help_includes_guided_tasks ... ok
test help::version_flag_returns_short_version_output ... ok
test help::version_subcommand_omits_opencode_entry ... ok
test help::version_subcommand_reports_short_flag_usage_hint ... ok
test legacy_routing::platform_profile_commands_report_platform_scoped_profile_migration ... ok
test grok_auth::grok_auth_help_describes_saved_accounts ... ok
test grok_profile::grok_auth_off_deletes_auth_json_and_keeps_mcp_and_custom_model ... ok
test legacy_routing::root_switch_reports_platform_scoped_profile_migration ... ok
test legacy_routing::shortcut_switch_reports_platform_scoped_profile_migration ... ok
test platform_profile_surface::legacy_platform_profile_gemini_reports_migration_instead_of_mutating ... ok
test help::help_subcommand_supports_project_init_path ... ok
test grok_profile::grok_profile_off_clears_managed_route_when_entry_state_is_missing ... ok
test profile_open::profile_open_creates_claude_file_when_missing ... ok
test grok_profile::grok_profile_off_uses_shared_core_and_is_idempotent ... ok
test profile_open::profile_open_creates_codex_file_when_missing ... ok
test profile_open::profile_open_creates_grok_file_when_missing ... ok
test sync_content::test_sync_content_selection_empty ... ok
test sync_content::test_sync_content_selection_flow ... ok
test profile_open::profile_open_idempotent_does_not_overwrite_existing_file ... ok
test sync_content::test_sync_content_type_detection ... ok
test profile_open::profile_open_json_has_all_required_fields ... ok
test legacy_routing::platform_state_commands_report_runtime_migration ... ok
test project_init::forwards_global_yes_only_to_trellis ... ok
test project_init::git_init_failure_stops_before_trellis_and_gitignore ... ok
test grok_auth::grok_auth_delete_cancel_global_yes_and_error_exit ... ok
test project_init::gitignore_read_failure_reports_file_stage_after_trellis ... ok
test project_init::missing_git_stops_before_trellis ... ok
test project_init::initializes_new_repository_then_trellis_and_gitignore ... ok
test platform_profile_surface::claude_and_codex_profile_crud_surfaces_accept_supported_platforms ... ok
test project_init::missing_trellis_is_reported_after_git_is_ready ... ok
test grok_profile::grok_profile_force_delete_clears_runtime_before_removing_profile ... ok
test project_init::rejects_trellis_zero_exit_without_minimum_workflow ... ok
test project_init::preserves_parent_repository_boundary_but_initializes_current_directory ... ok
test validate::validate_skips_missing_claude_and_codex_profiles_without_legacy_platform_gate ... ok
test validate::validate_accepts_registry_without_legacy_current_platform ... ok
test project_init::skips_git_init_at_existing_repository_root ... ok
test grok_auth::grok_auth_corruption_and_unknown_outgoing_are_safe ... ok
test project_init::trellis_failure_keeps_git_result_and_skips_gitignore ... ok
test grok_auth::grok_auth_round_trip_delete_and_off_preserve_boundaries ... ok
test project_init::preserves_existing_gitignore_and_does_not_rewrite_when_complete ... ok
test grok_auth::grok_auth_scope_selection_and_overwrite_fail_without_writes ... ok
test help::platform_profile_help_lists_init_for_supported_platforms ... ok
test grok_profile::grok_profile_command_flow_masks_secrets_and_clears_managed_runtime ... ok
mbx[progress]: 15s elapsed; 0 hits, 0 misses, 0 bypassed, 0 not looked up; ~0s compiler work saved
mbx[progress]: 30s elapsed; 0 hits, 0 misses, 0 bypassed, 0 not looked up; ~0s compiler work saved
test claude_profile::claude_profile_switch_reports_committed_history_warning ... ok

test result: ok. 117 passed; 0 failed; 0 ignored; 0 measured; 0 filtered out; finished in 30.90s

     Running tests\diagnostics_contract.rs (target\debug\deps\diagnostics_contract-e4151c13514465a3.exe)

running 12 tests
test doctor_binary_default_scope_includes_grok_and_preserves_simplified_profiles ... ok
test doctor_binary_grok_is_supported_and_legacy_adapters_are_explicit ... ok
test validate_binary_disabled_current_is_not_activatable ... ok
test validate_binary_native_denied_read_is_distinct_from_missing ... ok
test doctor_binary_current_conflict_names_the_authoritative_source ... ok
test doctor_binary_corrupt_registry_and_settings_do_not_echo_source_secrets ... ok
test validate_binary_claude_current_uses_valid_marker_precedence_without_repair ... ok
test validate_binary_subscription_profiles_and_empty_documents_are_valid ... ok
test validate_binary_existing_runtime_errors_are_not_unconfigured ... ok
test validate_binary_runtime_errors_are_independent_of_profile_presence ... ok
test validate_binary_applied_api_and_subscription_profiles_follow_domain_rules ... ok
test validate_binary_six_state_matrix_is_read_only ... ok

test result: ok. 12 passed; 0 failed; 0 ignored; 0 measured; 0 filtered out; finished in 1.84s

     Running tests\managers.rs (target\debug\deps\managers-a1d9605a086d887d.exe)

running 17 tests
test general::test_config_section_validation ... ok
test general::test_config_sorting_and_filtering ... ok
test general::test_settings_update_from_config ... ok
test general::test_settings_validation ... ok
test legacy_registry::per_platform_current_profile_helpers_round_trip ... ok
test general::test_history_entry_env_changes ... ok
test legacy_registry::config_manager_default_ignores_legacy_current_platform_routing ... ok
test legacy_registry::legacy_registry_fields_load_without_becoming_clean_write_routing_truth ... ok
test general::test_config_manager_lifecycle ... ok
test general::test_settings_manager_atomic_operations ... ok
test general::test_history_manager_filtering ... ok
test general::test_history_manager_add_and_load ... ok
test general::test_config_manager_section_operations ... ok
test general::test_config_and_settings_integration ... ok
test general::test_history_manager_stats ... ok
test general::test_settings_backup_and_restore ... ok
test general::test_history_manager_recent_limit ... ok

test result: ok. 17 passed; 0 failed; 0 ignored; 0 measured; 0 filtered out; finished in 0.16s

     Running tests\platforms.rs (target\debug\deps\platforms-9346f15fdfa03a1d.exe)

running 35 tests
test auth_profile_surface::all_platforms_still_include_usage_and_sync_platforms ... ok
test auth_profile_surface::auth_profile_supported_includes_grok_profile_runtime ... ok
test general::test_invalid_platform_name ... ok
test general::test_platform_all ... ok
test general::test_platform_display_name ... ok
test general::test_platform_implemented ... ok
test general::test_platform_short_name ... ok
test general::test_platform_icon ... ok
test auth_profile_surface::gemini_profile_storage_still_works_outside_auth_profile_command_surface ... ok
test general::test_platform_config_manager_register_platform ... ok
test general::test_load_empty_profiles ... ok
test general::test_multiple_platforms_coexist ... ok
test general::test_platform_config_manager_create_default ... ok
test general::test_platform_config_manager_default ... ok
test general::test_delete_nonexistent_profile ... ok
test general::test_profile_list_names ... ok
test general::test_platform_config_manager_switch_platform ... ok
test general::test_unified_config_persistence ... ok
test general::test_platform_initialization_creates_directories ... ok
test general::test_platform_paths_structure ... ok
test general::test_platform_paths_ensure_directories ... ok
test integration::test_concurrent_multi_platform_operations ... ok
test general::test_config_mode_detection ... ok
test general::test_profile_delete ... ok
test general::test_profile_save_and_load ... ok
test integration::test_cross_platform_profile_management ... ok
test general::test_platform_initialization ... ok
test integration::test_end_to_end_complete_workflow ... ok
test integration::test_multiple_platform_switches ... ok
test integration::test_platform_config_persistence_and_reload ... ok
test integration::test_platform_path_isolation ... ok
test integration::test_platform_isolation_under_operations ... ok
test integration::test_platform_switching_workflow ... ok
test integration::test_profile_application_workflow ... ok
test integration::test_profile_validation_integration ... ok

test result: ok. 35 passed; 0 failed; 0 ignored; 0 measured; 0 filtered out; finished in 0.64s

     Running tests\public_api_compat.rs (target\debug\deps\public_api_compat-3fdb1a6c02ab82d2.exe)

running 3 tests
test legacy_public_paths_remain_available ... ok
test crate_root_public_reexport_snapshot_is_intentional ... ok
test stable_prelude_paths_remain_available ... ok

test result: ok. 3 passed; 0 failed; 0 ignored; 0 measured; 0 filtered out; finished in 0.00s

     Running tests\workflows.rs (target\debug\deps\workflows-9e1095e28b2ed439.exe)

running 26 tests
test general::test_validation_trait ... ok
test services::test_auto_complete_missing_fields ... ok
test temp_override::test_temp_override_count ... ok
test services::test_settings_service_error_handling ... ok
test services::test_backup_service_clean_workflow ... ok
test services::test_config_service_validation ... ok
test services::test_config_service_list_with_classification ... ok
test services::test_settings_service_apply_and_get ... ok
test services::test_disable_prevents_switch ... ok
test services::test_enable_disable_nonexistent_config ... ok
test services::test_config_service_error_handling ... ok
test general::test_settings_service_workflow ... ok
test services::test_history_service_record_and_query ... ok
test services::test_config_service_export_import ... ok
test services::test_backup_service_scan ... ok
test services::test_enable_disable_config ... ok
test general::test_config_service_workflow ... ok
test temp_override::test_temp_override_no_interference_with_other_vars ... ok
test temp_override::test_temp_override_multiple_fields ... ok
test services::test_history_service_workflow ... ok
test temp_override::test_temp_override_basic_workflow ... ok
test services::test_usage_count_increment ... ok
test services::test_settings_service_backup_workflow ... ok
test services::test_config_service_crud_workflow ... ok
test services::test_complete_config_switch_workflow ... ok
test services::test_settings_service_multiple_switches ... ok

test result: ok. 26 passed; 0 failed; 0 ignored; 0 measured; 0 filtered out; finished in 0.18s

     Running unittests src\lib.rs (target\debug\deps\ccr_checkin-e94cdf9f5b988d70.exe)

running 88 tests
test core::error::tests::api_keyword_priority_is_waf_then_cloudflare_then_cookie ... ok
test core::error::tests::api_auth_keywords_map_to_cookie_expired ... ok
test core::error::tests::api_cloudflare_keywords_map_to_cf_blocked ... ok
test core::error::tests::api_without_keywords_maps_to_api_error ... ok
test core::error::tests::variant_error_codes_are_stable ... ok
test managers::checkin::builtin_providers::tests::test_all_providers_have_unique_ids ... ok
test core::error::tests::api_waf_keywords_map_to_waf_blocked ... ok
test managers::checkin::account_manager::tests::test_list_path_conversion_does_not_decrypt_cookies ... ok
test core::crypto::tests::decrypts_aes_gcm_010_fixture ... ok
test managers::checkin::builtin_providers::tests::test_all_providers_have_valid_urls ... ok
test managers::checkin::builtin_providers::tests::test_catalog_rejects_invalid_json ... ok
test managers::checkin::builtin_providers::tests::test_get_builtin_provider_by_id ... ok
test managers::checkin::builtin_providers::tests::test_get_builtin_providers ... ok
test managers::checkin::builtin_providers::tests::test_golden_identity_matches_pre_migration_hardcode ... ok
test managers::checkin::builtin_providers::tests::test_golden_special_providers_match_pre_migration_hardcode ... ok
test managers::checkin::builtin_providers::tests::test_catalog_rejects_wrong_schema_version ... ok
test managers::checkin::builtin_providers::tests::test_catalog_serde_roundtrip ... ok
test managers::checkin::builtin_providers::tests::test_golden_standard_provider_invariants ... ok
test managers::checkin::builtin_providers::tests::test_platforms_blocks_contain_no_sensitive_fields ... ok
test managers::checkin::builtin_providers::tests::test_is_builtin_provider_id ... ok
test managers::checkin::builtin_providers::tests::test_resolve_builtin_prefers_builtin_id_after_rename ... ok
test managers::checkin::builtin_providers::tests::test_standard_providers_include_oauth_metadata ... ok
test managers::checkin::builtin_providers::tests::test_standard_providers_have_platform_overrides ... ok
test managers::checkin::builtin_providers::tests::test_to_checkin_provider_sets_builtin_id ... ok
test core::crypto::tests::test_encrypt_decrypt ... ok
test managers::checkin::waf_cookie_manager::tests::test_anyrouter_policy_matches_builtin_and_domain ... ok
test core::crypto::tests::test_invalid_decrypt ... ok
test core::crypto::tests::test_different_nonces ... ok
test managers::checkin::waf_cookie_manager::tests::test_fetch_via_browser_returns_error_until_implemented ... ok
test managers::checkin::waf_cookie_manager::tests::test_parse_cookie_pairs_ignores_empty_segments ... ok
test managers::checkin::waf_cookie_manager::tests::test_renamed_provider_with_builtin_id_keeps_policy ... ok
test core::crypto::tests::test_key_persistence ... ok
test managers::checkin::waf_cookie_manager::tests::test_select_required_cookies_reports_missing_names_without_values ... ok
test services::cdk_service::tests::test_cdk_extra_config_empty ... ok
test services::cdk_service::tests::test_cdk_extra_config_invalid ... ok
test services::cdk_service::tests::test_cdk_extra_config_parse ... ok
test services::cdk_service::tests::test_cdk_extra_config_roundtrip ... ok
test services::cdk_service::tests::test_cookie_header_string ... ok
test services::cdk_service::tests::test_cookie_header_string_empty ... ok
test services::checkin_service::tests::test_balance_request_browser_fingerprint_headers ... ok
test managers::checkin::balance_manager::tests::test_add_and_get_latest ... ok
test managers::checkin::balance_manager::tests::test_delete_by_account ... ok
test services::checkin_service::tests::test_build_daily_checkins_excludes_failed ... ok
test services::checkin_service::tests::test_build_calendar_marks_day_even_without_balance_snapshot ... ok
test services::checkin_service::tests::test_build_daily_checkins_falls_back_to_reward_string ... ok
test services::checkin_service::tests::test_build_daily_checkins_record_without_balance ... ok
test services::checkin_service::tests::test_build_daily_checkins_reward_from_balance_delta ... ok
test services::checkin_service::tests::test_checkin_request_browser_fingerprint_headers ... ok
test services::checkin_service::tests::test_compute_streak_from_records ... ok
test services::checkin_service::tests::test_default_checkin_dir ... ok
test services::checkin_service::tests::test_evaluate_skip_reason_matrix ... ok
test services::checkin_service::tests::test_http2_feature_enabled ... ok
test managers::checkin::record_manager::tests::test_get_by_account ... ok
test managers::checkin::balance_manager::tests::test_get_history_with_limit ... ok
test services::checkin_service::tests::test_infer_reward_from_probes ... ok
test services::checkin_service::tests::test_interpret_checkin_json_already_checked_in_variants ... ok
test services::checkin_service::tests::test_interpret_checkin_json_failures ... ok
test services::checkin_service::tests::test_interpret_checkin_json_message_fallback_chain ... ok
test services::checkin_service::tests::test_interpret_checkin_json_reward_extraction ... ok
test services::checkin_service::tests::test_interpret_checkin_json_success_styles ... ok
test services::checkin_service::tests::test_is_already_checked_in_message_keywords ... ok
test managers::checkin::record_manager::tests::test_add_and_get_today_record ... ok
test services::checkin_service::tests::test_is_cf_challenge_four_signatures ... ok
test services::checkin_service::tests::test_is_cf_challenge_not_triggered_by_normal_responses ... ok
test services::checkin_service::tests::test_parse_reward_amount_variants ... ok
test services::checkin_service::tests::test_parse_user_info_probe_variants ... ok
test services::checkin_service::tests::test_probe_remaining_usd ... ok
test services::checkin_service::tests::test_response_metadata_helpers ... ok
test managers::checkin::balance_manager::tests::test_get_history ... ok
test managers::checkin::provider_manager::tests::test_backfill_builtin_ids_matches_by_name_and_base_url ... ok
test managers::checkin::provider_manager::tests::test_create_and_get_provider ... ok
test managers::checkin::record_manager::tests::test_get_all_with_limit ... ok
test managers::checkin::provider_manager::tests::test_update_provider ... ok
test managers::checkin::provider_manager::tests::test_list_providers ... ok
test managers::checkin::record_manager::tests::test_delete_by_account ... ok
test managers::checkin::provider_manager::tests::test_delete_provider ... ok
test managers::checkin::waf_cookie_manager::tests::test_delete ... ok
test managers::checkin::waf_cookie_manager::tests::test_save_and_get_valid ... ok
test core::crypto::tests::rejects_wrong_key_and_tampered_nonce_ciphertext_or_tag ... ok
test managers::checkin::account_manager::tests::test_get_info_masks_cookie_values ... ok
test managers::checkin::account_manager::tests::test_update_account_reencrypts_cookies ... ok
test managers::checkin::account_manager::tests::test_list_uses_placeholder_mask ... ok
test managers::checkin::account_manager::tests::test_delete_account_then_not_found ... ok
test managers::checkin::account_manager::tests::test_list_by_provider_scopes_accounts ... ok
test managers::checkin::account_manager::tests::test_create_and_get_roundtrip_encrypts_cookies ... ok
test services::checkin_service::tests::test_checkin_skips_balance_only_builtin_provider ... ok
test services::checkin_service::tests::test_checkin_skips_disabled_account ... ok
test services::checkin_service::tests::test_get_today_stats_empty ... ok

test result: ok. 88 passed; 0 failed; 0 ignored; 0 measured; 0 filtered out; finished in 0.14s

     Running unittests src\lib.rs (target\debug\deps\ccr_cli-1f59eb861c096f2d.exe)

running 345 tests
test application::profile_contract::tests::profile_adapters_keep_application_boundary ... ok
test application::auth_off::tests::auth_off_backup_uses_ccr_root_and_restores_secret_file ... ok
test application::auth_off::tests::claude_file_off_is_idempotent_and_skips_backup_when_unchanged ... ok
test application::auth_off::tests::file_off_does_not_spawn_when_unchanged ... ok
test application::auth_off::tests::claude_file_off_does_not_change_onboarding_state ... ok
test application::auth_off::tests::file_off_rolls_back_when_commit_fails_after_delete ... ok
test application::profile_contract::tests::profile_success_replay_contract ... ok
test cli::definitions::tests::clean_all_parses_as_planfiles_all_not_legacy_backups ... ok
test cli::definitions::tests::clean_backup_flags_still_parse ... ok
test cli::definitions::tests::clean_backups_subcommand_parses ... ok
test cli::definitions::tests::clean_planfiles_all_subcommand_parses ... ok
test cli::definitions::tests::clean_planfiles_inherits_global_yes ... ok
test cli::definitions::tests::clean_planfiles_subcommand_parses ... ok
test cli::definitions::tests::clean_without_flags_parses_as_interactive_menu ... ok
test cli::definitions::tests::codex_fix_doctor_parses ... ok
test cli::definitions::tests::codex_fix_doctor_parses_with_dry_run ... ok
test cli::definitions::tests::codex_fix_dry_run_parses ... ok
test cli::definitions::tests::codex_fix_parses ... ok
test cli::definitions::tests::codex_fix_repair_runtime_does_not_imply_doctor ... ok
test cli::definitions::tests::codex_fix_repair_runtime_parses_with_dry_run ... ok
test cli::definitions::tests::codex_fix_skip_process_cleanup_is_isolated_and_hidden ... ok
test cli::definitions::tests::codex_sessions_trash_list_parses ... ok
test cli::definitions::tests::codex_sessions_trash_restore_flags_parse ... ok
test cli::definitions::tests::codex_sync_history_bridge_flags_parse ... ok
test cli::definitions::tests::codex_sync_history_provider_conflicts_with_bridge ... ok
test cli::definitions::tests::current_json_parses ... ok
test cli::definitions::tests::current_status_verbose_alias_parses ... ok
test cli::definitions::tests::grok_profile_create_parses_platform_specific_fields ... ok
test cli::definitions::tests::platform_profile_init_json_flags_parse ... ok
test cli::definitions::tests::profile_open_flags_parse_for_all_platforms ... ok
test cli::definitions::tests::project_init_and_legacy_init_parse_as_distinct_commands ... ok
test cli::definitions::tests::reasoning_effort_create_flag_is_grok_only ... ok
test cli::definitions::tests::show_verbose_alias_parses ... ok
test commands::codex::auth::current::tests::json_output_includes_required_runtime_fields_for_all_runtime_modes ... ok
test commands::codex::auth::current::tests::json_output_serializes_current_auth_info_shape ... ok
test application::profile_contract::tests::enable_policy_activation_and_compensation ... ok
test commands::codex::fix::tests::doctor_reports_redact_sensitive_values_before_render_or_save ... ok
test application::profile_off::tests::profile_off_backup_uses_ccr_root_and_restores_secret_file ... ok
test commands::codex::fix::tests::dry_run_doctor_does_not_persist_report ... ok
test commands::codex::fix::tests::extracts_version_status_and_non_ok_check_ids ... ok
test commands::codex::fix::tests::json_doctor_stdout_extracts_version_and_status ... ok
test commands::codex::fix::tests::non_dry_run_doctor_persists_sanitized_report ... ok
test commands::codex::fix::tests::non_json_doctor_stdout_does_not_spawn_a_second_doctor ... ok
test commands::codex::fix::tests::respawn_exit_code_takes_priority_over_local_drift ... ok
test commands::codex::fix::tests::returns_no_check_fields_when_checks_absent ... ok
test commands::codex::fix::tests::runtime_diagnostic_lines_state_provider_validity_was_not_checked ... ok
test commands::codex::fix::tests::runtime_failure_and_process_unavailable_have_stable_priority ... ok
test commands::codex::fix::tests::runtime_repair_requires_explicit_flag_and_dry_run_only_previews ... ok
test commands::codex::fix::tests::skipped_process_cleanup_is_explicit_and_cannot_produce_exit_two ... ok
test commands::codex::fix::tests::value_to_display_handles_scalar_kinds ... ok
test commands::codex::sync_history::tests::format_counts_returns_none_for_empty_bucket ... ok
test commands::common::mode::tests::test_config_mode_detect ... ok
test commands::common::mode::tests::test_detect_config_mode_simple ... ok
test commands::common::prompt::tests::test_module_compiles ... ok
test commands::common::table::tests::test_ansi_styling_remains_available_when_forced ... ok
test commands::common::table::tests::test_config_table_builder ... ok
test commands::common::table::tests::test_legacy_truncation_indicator_is_preserved ... ok
test commands::common::table::tests::test_platform_table_builder ... ok
test commands::data::export::tests::test_determine_output_path ... ok
mbx[progress]: 45s elapsed; 0 hits, 0 misses, 0 bypassed, 0 not looked up; ~0s compiler work saved
test application::profile_contract::tests::profile_each_write_contract ... ok
test commands::data::stats::tests::test_format_number ... ok
test commands::data::stats::tests::test_parse_date ... ok
test commands::data::stats::tests::test_shorten_id ... ok
test commands::data::stats::tests::test_shorten_model_name ... ok
test commands::doctor_cmd::tests::doctor_renderer_prints_expected_summary ... ok
test commands::lifecycle::clean::tests::backup_service_clean ... ok
test commands::lifecycle::clean::tests::backup_service_scan ... ok
test commands::lifecycle::clean::tests::clean_menu_selection_accepts_cancel_inputs ... ok
test commands::lifecycle::clean::tests::clean_menu_selection_defaults_to_planfiles ... ok
test commands::lifecycle::clean::tests::clean_menu_selection_parses_registered_target_numbers ... ok
test commands::lifecycle::clean::tests::clean_menu_selection_rejects_unknown_numbers ... ok
test commands::lifecycle::clean::tests::clean_targets_register_planfiles_and_backups_with_planfiles_default ... ok
test commands::lifecycle::clean::tests::delete_planfiles_removes_only_target_files ... ok
test commands::lifecycle::clean::tests::display_match_path_prefers_relative_output ... ok
test commands::lifecycle::clean::tests::scan_all_planfiles_matches_nested_targets ... ok
test application::profile_off::tests::claude_profile_off_clears_managed_env_without_pointer ... ok
test application::profile_off::tests::claude_profile_off_is_unchanged_without_pointer_or_managed_env ... ok
test commands::lifecycle::clean::tests::scan_planfiles_matches_legacy_full_walk_for_hidden_and_ignored_dirs ... ok
test commands::lifecycle::clean::tests::yes_no_prompt_defaults_to_yes_for_empty_input ... ok
test commands::lifecycle::clear::tests::managed_preview_matches_clear_scope ... ok
test commands::lifecycle::init::tests::test_example_config_not_empty ... ok
test commands::platform::profile::tests::test_ensure_field_allowed_rejects_codex_base_url ... ok
test commands::platform::profile::tests::test_parse_platform_rejects_non_auth_profile_platforms ... ok
test commands::platform::profile::tests::test_update_profile_field_parses_grok_specific_values ... ok
test commands::platform::profile::tests::test_update_profile_field_rejects_invalid_grok_specific_values ... ok
test commands::platform::profile::tests::test_update_profile_field_supports_tags_json ... ok
test application::profile_off::tests::clear_claude_profile_settings_is_noop_when_settings_are_missing ... ok
test commands::platform::profile_init::tests::grok_example_and_docs_mirror_are_identical ... ok
test commands::platform::profile_open::tests::editor_label_configured_returns_source ... ok
test commands::platform::profile_init::tests::embedded_profile_templates_are_inactive_and_valid ... ok
test commands::platform::profile_open::tests::editor_label_system_returns_system ... ok
test commands::platform::profile_open::tests::resolve_falls_back_to_editor_when_visual_empty ... ok
test commands::platform::profile_open::tests::resolve_prefers_visual_over_editor ... ok
test commands::platform::profile_open::tests::resolve_splits_editor_args ... ok
test commands::platform::profile_open::tests::resolve_system_when_both_empty_strings ... ok
test commands::platform::profile_open::tests::resolve_system_when_both_none ... ok
test commands::platform::profile_open::tests::resolve_system_when_both_whitespace ... ok
test commands::profile::add::tests::test_add_command_structure ... ok
test commands::profile::current::tests::render_auth_source_uses_profile_bearer_source_when_auth_json_is_empty ... ok
test commands::lifecycle::clean::tests::scan_root_planfiles_matches_only_root_targets ... ok
test commands::profile::delete::tests::test_delete_command_logic ... ok
test commands::project::init::tests::merge_creates_rules_for_empty_file ... ok
test commands::project::init::tests::merge_is_unchanged_when_all_rules_exist_with_surrounding_whitespace ... ok
test commands::project::init::tests::merge_only_adds_missing_rules ... ok
test commands::project::init::tests::merge_preserves_crlf_line_endings ... ok
test commands::project::init::tests::merge_preserves_existing_content_and_adds_line_boundary ... ok
test commands::project::init::tests::path_matching_distinguishes_root_from_child ... ok
test commands::project::init::tests::trellis_validation_requires_both_minimum_files ... ok
test commands::temp_cmd::tests::test_smart_parse_model_gemini ... ok
test commands::temp_cmd::tests::test_smart_parse_model_gpt ... ok
test commands::temp_cmd::tests::test_smart_parse_model_haiku ... ok
test commands::temp_cmd::tests::test_smart_parse_model_opus ... ok
test commands::temp_cmd::tests::test_smart_parse_model_passthrough ... ok
test commands::temp_cmd::tests::test_smart_parse_model_sonnet ... ok
test commands::ui::tests::test_ui_service_creation ... ok
test commands::update::tests::test_update_command_check_only ... ok
test commands::update::update_failure::tests::test_classify_update_failure_fallback ... ok
test commands::update::update_failure::tests::test_classify_update_failure_missing_package_manager ... ok
test commands::update::update_failure::tests::test_tail_lines_returns_last_non_empty_lines ... ok
test application::profile_off::tests::clear_claude_profile_settings_removes_managed_and_keeps_user_env ... ok
test application::profile_off::tests::codex_profile_off_clears_default_home_when_codex_home_redirects ... ok
test managers::settings::tests::test_disk_roundtrip_preserves_unknown_fields_across_apply ... ok
test managers::settings::tests::test_gemini_platform_paths_use_antigravity_cli_dir ... ok
test managers::settings::tests::test_settings_manager_backup_restore ... ok
test managers::settings::tests::test_settings_manager_save_load ... ok
test managers::settings::tests::test_backup_auto_cleanup ... ok
test application::profile_off::tests::grok_profile_off_clears_managed_route_when_entry_state_is_missing ... ok
test managers::skills_manager::tests::local_skill_lifecycle_is_isolated_to_configured_root ... ok
test application::profile_off::tests::grok_profile_off_is_unchanged_when_inactive ... ok
test managers::temp_override::tests::test_temp_override_creation ... ok
test managers::temp_override::tests::test_temp_override_fields ... ok
test managers::temp_override::tests::test_temp_override_manager_clear ... ok
test managers::skills_manager::tests::repository_lifecycle_validates_remote_requests_without_network ... ok
test managers::temp_override::tests::test_temp_override_manager_save_load ... ok
test application::profile_off::tests::profile_off_backup_consumers_discover_and_restore_old_and_unique_names ... ok
test commands::lifecycle::clean::tests::scan_planfiles_large_tree_smoke_finds_targets_without_timing_contract ... ok
test commands::codex::fix::tests::doctor_timeout_terminates_parent_and_grandchild ... ok
test application::profile_off::tests::profile_off_same_second_operations_keep_independent_snapshots ... ok
test commands::data::import::tests::test_merge_configs ... ok
test application::auth_off::tests::native_logout_missing_binary_is_error ... ok
test application::auth_off::tests::native_logout_success_sets_changed_and_may_repeat ... ok
test commands::codex::fix::tests::doctor_deadline_applies_before_fixture_is_ready ... ok
test application::auth_off::tests::codex_file_off_keeps_profile_pointer_and_reports_warning ... ok
test application::profile_contract::tests::profile_deleted_after_prepare_contract ... ok
mbx[progress]: 1m elapsed; 0 hits, 0 misses, 0 bypassed, 0 not looked up; ~0s compiler work saved
mbx[progress]: 1m 15s elapsed; 0 hits, 0 misses, 0 bypassed, 0 not looked up; ~0s compiler work saved
test application::profile_contract::tests::profile_ancillary_contract ... ok
test application::profile_contract::tests::profile_external_version_contract ... ok
test application::profile_contract::tests::profile_post_publish_failure_contract ... ok
test platforms::claude::tests::test_managed_env_registry_matches_config_section_mapping ... ok
test platforms::claude::tests::test_platform_trait_impl ... ok
test application::auth_off::tests::grok_off_deletes_auth_json_and_leaves_mcp_and_config ... ok
test commands::profile::disable::tests::test_disable_config ... ok
test platforms::claude::tests::test_section_to_profile_conversion ... ok
test commands::profile::enable::tests::test_enable_config ... ok
test managers::settings::tests::claude_config_dir_controls_default_and_platform_settings_paths ... ok
test platforms::droid::tests::test_droid_custom_model_serialization ... ok
test platforms::droid::tests::test_droid_settings_serialization ... ok
test platforms::droid::tests::test_platform_trait_impl ... ok
test platforms::droid::tests::test_profile_to_custom_model ... ok
test platforms::gemini::tests::test_default_settings_path_uses_antigravity_cli_dir ... ok
test platforms::gemini::tests::test_gemini_platform_basic ... ok
test platforms::gemini::tests::test_gemini_settings_structure ... ok
test platforms::gemini::tests::test_validate_api_key ... ok
test platforms::gemini::tests::test_validate_profile ... ok
test managers::settings::tests::test_update_atomic_replays_conflict_and_preserves_both_mutations ... ok
test managers::settings::tests::test_update_atomic_uses_only_central_backup_directory ... ok
test platforms::claude::tests::claude_config_dir_controls_profile_settings_and_state_paths ... ok
test platforms::claude::tests::test_api_key_profile_apply_does_not_create_missing_state_file ... ok
test platforms::claude::tests::test_api_key_profile_apply_preserves_existing_state_bytes ... ok
test platforms::claude::tests::test_api_key_profile_apply_preserves_invalid_state_and_updates_settings ... ok
test platforms::claude::tests::test_apply_defensively_heals_stale_subscription_profile ... ok
test platforms::claude::tests::test_apply_mismarked_subscription_third_party_writes_overrides ... ok
test platforms::grok::tests::legacy_entry_state_recovers_reasoning_effort_from_content ... ok
test platforms::claude::tests::test_apply_profile_auto_registers_missing_claude_platform ... ok
test platforms::claude::tests::test_apply_self_heal_write_failure_keeps_settings_unchanged ... ok
test platforms::claude::tests::test_custom_model_option_migrates_from_toml_and_writes_env ... ok
test platforms::claude::tests::test_delete_current_profile_keeps_registry_and_file_on_same_fallback ... ok
test platforms::claude::tests::test_fable_and_model_names_migrate_from_toml_and_write_env ... ok
test platforms::claude::tests::test_get_current_profile_prefers_file_and_only_explicit_reconcile_repairs_registry ... ok
test application::auth_off::tests::codex_file_needs_auth_off_covers_login_prep_second_dir ... ok
test platforms::claude::tests::test_get_current_profile_returns_none_when_registry_and_file_are_invalid ... ok
test platforms::claude::tests::test_get_current_profile_uses_registry_without_repairing_profiles_file ... ok
test application::profile_contract::tests::profile_preflight_contract ... ok
test platforms::claude::tests::test_save_corrects_mismarked_subscription_to_api_key ... ok
test platforms::claude::tests::test_subscription_profile_apply_clears_only_ccr_managed_overrides ... ok
test platforms::grok::tests::safe_url_removes_userinfo_query_and_fragment ... ok
test platforms::claude::tests::test_subscription_profile_can_save_and_apply_without_api_key ... ok
test platforms::grok::tests::accepts_api_key_profile_and_writes_official_runtime_field ... ok
test platforms::grok::tests::activation_inspection_reports_all_states_without_writing ... ok
test platforms::grok::tests::activation_inspection_reports_unnamed_unsafe_managed_runtime ... ok
test platforms::qwen::tests::test_qwen_platform_stub ... ok
test platforms::tests::test_create_platform_claude ... ok
test platforms::tests::test_create_platform_not_implemented ... ok
test platforms::tests::test_platform_detector ... ok
test platforms::tests::test_platform_info ... ok
test platforms::tests::test_platform_registry ... ok
test platforms::tests::test_platform_status_display ... ok
test services::backup_service::tests::test_backup_service_clean ... ok
test services::backup_service::tests::test_backup_service_scan ... ok
test platforms::grok::tests::active_profile_delete_is_rejected_until_off ... ok
test platforms::grok::tests::cas_retry_preserves_external_change ... ok
test platforms::grok::tests::delete_rejects_managed_runtime_when_state_and_pointers_are_missing ... ok
test platforms::grok::tests::drifted_inline_profile_cannot_be_deleted_before_off ... ok
test platforms::grok::tests::entry_state_create_if_absent_cannot_replace_the_original_baseline ... ok
test platforms::grok::tests::off_clears_managed_route_when_entry_state_is_missing ... ok
test platforms::grok::tests::off_clears_managed_runtime_when_state_and_pointers_are_missing ... ok
test platforms::grok::tests::official_profile_restores_custom_but_removes_unspecified_default ... ok
test platforms::grok::tests::official_reasoning_effort_only_updates_global_default ... ok
test platforms::grok::tests::profile_delete_accepts_inactive_simplified_file_without_current_marker ... ok
test services::claude_auth_service::tests::test_effective_auth_mode_corrects_mismarked_third_party ... ok
test services::claude_auth_service::tests::test_effective_auth_mode_keeps_subscription_snapshot_pin ... ok
test services::claude_auth_service::tests::test_is_api_key_shaped_detects_third_party_provider_type ... ok
test platforms::grok::tests::profile_operation_lock_serializes_multi_file_mutations ... ok
test platforms::grok::tests::profile_save_preserves_missing_current_marker_in_simplified_file ... ok
test services::claude_auth_service::tests::test_resolve_profile_auth_mode_infers_history_profiles ... ok
test services::claude_auth_service::tests::test_resolve_profile_auth_mode_prefers_explicit_platform_data ... ok
test platforms::grok::tests::profile_saves_preserve_inactive_current_pointer ... ok
test platforms::grok::tests::reasoning_effort_levels_round_trip_through_profile_storage ... ok
test platforms::grok::tests::registry_failure_leaves_runtime_truth_recoverable_and_retry_converges ... ok
mbx[progress]: 1m 30s elapsed; 0 hits, 0 misses, 0 bypassed, 0 not looked up; ~0s compiler work saved
test application::profile_contract::tests::profile_rename_each_write_contract has been running for over 60 seconds
mbx[progress]: 1m 45s elapsed; 0 hits, 0 misses, 0 bypassed, 0 not looked up; ~0s compiler work saved
mbx[progress]: 2m elapsed; 0 hits, 0 misses, 0 bypassed, 0 not looked up; ~0s compiler work saved
test platforms::claude::tests::test_runtime_envs_migrate_from_toml_and_write_env has been running for over 60 seconds
test platforms::grok::tests::repeated_cas_conflict_does_not_overwrite_external_content has been running for over 60 seconds
test platforms::grok::tests::runtime_drift_query_preserves_registry_pointer has been running for over 60 seconds
test platforms::grok::tests::secret_bearing_toml_parse_errors_do_not_echo_source_lines has been running for over 60 seconds
test platforms::grok::tests::third_party_apply_preserves_unmanaged_tables_and_off_clears_managed_route has been running for over 60 seconds
test platforms::grok::tests::third_party_official_third_party_round_trip_keeps_entry_state has been running for over 60 seconds
test platforms::grok::tests::validates_credential_and_platform_specific_fields has been running for over 60 seconds
test services::claude_auth_service::tests::claude_config_dir_controls_auth_runtime_paths has been running for over 60 seconds
test services::claude_auth_service::tests::diagnose_auth_sources_covers_each_supported_process_env_source has been running for over 60 seconds
test services::claude_auth_service::tests::diagnose_auth_sources_fails_closed_for_corrupt_credentials_without_leaking_content has been running for over 60 seconds
test services::claude_auth_service::tests::diagnose_auth_sources_fails_closed_for_empty_state_file has been running for over 60 seconds
test services::claude_auth_service::tests::diagnose_auth_sources_keeps_custom_responses_explanatory_and_primary_issue_only has been running for over 60 seconds
test services::claude_auth_service::tests::diagnose_auth_sources_lists_fixed_unobservable_boundaries has been running for over 60 seconds
test services::claude_auth_service::tests::diagnose_auth_sources_orders_official_sources_and_confidence has been running for over 60 seconds
test services::claude_auth_service::tests::diagnose_auth_sources_reports_process_env_and_same_priority_ambiguity has been running for over 60 seconds
test services::claude_auth_service::tests::switch_account_reports_user_owned_suppressor_without_removing_it has been running for over 60 seconds
test services::claude_auth_service::tests::test_build_account_items_distinguishes_logged_in_from_effective_auth has been running for over 60 seconds
test services::claude_auth_service::tests::test_read_snapshot_handles_missing_files has been running for over 60 seconds
test services::claude_auth_service::tests::test_read_snapshot_supports_epoch_millis_expiry has been running for over 60 seconds
test services::claude_auth_service::tests::test_save_switch_delete_account_roundtrip has been running for over 60 seconds
test services::claude_auth_service::tests::test_switch_account_allows_missing_current_credentials has been running for over 60 seconds
test services::claude_auth_service::tests::test_switch_account_clears_mismarked_profile_overrides_and_reactivates_official_auth has been running for over 60 seconds
test services::claude_auth_service::tests::test_switch_account_rejects_corrupt_current_credentials_without_overwrite has been running for over 60 seconds
test application::profile_contract::tests::profile_rename_each_write_contract ... ok
test services::claude_auth_service::tests::test_read_snapshot_handles_missing_files ... ok
test services::claude_auth_service::tests::test_read_snapshot_supports_epoch_millis_expiry ... ok
test services::claude_auth_service::tests::test_save_switch_delete_account_roundtrip ... ok
test services::doctor_service::tests::critical_conflicts_map_to_failed_doctor_checks ... ok
test services::claude_auth_service::tests::test_switch_account_allows_missing_current_credentials ... ok
test services::claude_auth_service::tests::test_switch_account_clears_mismarked_profile_overrides_and_reactivates_official_auth ... ok
test services::doctor_service::tests::doctor_summary_tracks_status_counts ... ok
test services::claude_auth_service::tests::test_switch_account_rejects_corrupt_current_credentials_without_overwrite ... ok
test platforms::claude::tests::test_runtime_envs_migrate_from_toml_and_write_env ... ok
test platforms::grok::tests::repeated_cas_conflict_does_not_overwrite_external_content ... ok
test services::grok_auth_service::accounts::tests::grok_auth_identity_enrichment_and_duplicate_candidates_are_not_inferred ... ok
test services::grok_auth_service::accounts::tests::grok_auth_known_native_types_reject_invalid_but_preserve_unknown_fields ... ok
test platforms::grok::tests::runtime_drift_query_preserves_registry_pointer ... ok
test platforms::grok::tests::secret_bearing_toml_parse_errors_do_not_echo_source_lines ... ok
test platforms::grok::tests::third_party_apply_preserves_unmanaged_tables_and_off_clears_managed_route ... ok
test platforms::grok::tests::third_party_official_third_party_round_trip_keeps_entry_state ... ok
test platforms::grok::tests::validates_credential_and_platform_specific_fields ... ok
test services::claude_auth_service::tests::claude_config_dir_controls_auth_runtime_paths ... ok
test services::claude_auth_service::tests::diagnose_auth_sources_covers_each_supported_process_env_source ... ok
test services::claude_auth_service::tests::diagnose_auth_sources_reports_process_env_and_same_priority_ambiguity ... ok
test services::claude_auth_service::tests::switch_account_reports_user_owned_suppressor_without_removing_it ... ok
test services::claude_auth_service::tests::test_build_account_items_distinguishes_logged_in_from_effective_auth ... ok
test services::claude_auth_service::tests::test_switch_account_rejects_unsaved_current_credentials_without_leaking_token ... ok
test services::health_check::tests::test_health_status_display ... ok
test services::install_catalog::tests::all_commands_are_non_empty ... ok
test services::install_catalog::tests::catalog_covers_all_platforms ... ok
test services::install_catalog::tests::catalog_has_docs_url ... ok
test services::install_catalog::tests::macos_has_at_least_two_options ... ok
test services::install_catalog::tests::windows_has_at_least_three_options ... ok
test services::claude_auth_service::tests::test_switch_account_restores_previous_credentials_when_settings_update_fails ... ok
test services::install_detect::tests::excerpt_truncates_long_text ... ok
test services::install_detect::tests::host_capabilities_detects_platform ... ok
test services::install_detect::tests::parse_version_extracts_semver ... ok
test services::install_detect::tests::parse_version_handles_empty ... ok
test services::install_detect::tests::probe_data_root_returns_none_when_unset ... ok
test services::claude_auth_service::tests::test_switch_account_uses_matching_snapshot_metadata_instead_of_stale_state_file ... ok
test services::doctor_service::tests::doctor_service_calls_online_probe_when_enabled ... ok
test services::doctor_service::tests::doctor_service_skips_online_probe_by_default ... ok
test services::install_detect::tests::which_on_path_returns_none_for_nonexistent ... ok
test services::install_exec::tests::closed_actions_are_the_only_source_of_process_specs ... ok
test services::install_exec::tests::command_construction_does_not_read_renderer_plan_fields ... ok
test services::install_exec::tests::install_log_reader_caps_unterminated_lines ... ok
test services::install_plan::tests::all_generated_plans_select_a_closed_action ... ok
test services::install_plan::tests::linux_unsupported_no_cargo ... ok
test services::install_plan::tests::linux_uses_cargo ... ok
test services::install_plan::tests::macos_falls_back_to_cargo ... ok
test services::install_plan::tests::macos_ignores_cargo_bool_without_resolved_path ... ok
test services::install_plan::tests::macos_ignores_homebrew_bool_without_resolved_path ... ok
test services::install_plan::tests::macos_prefers_homebrew ... ok
test services::install_plan::tests::macos_unsupported_no_pm ... ok
test services::install_plan::tests::windows_falls_back_to_cargo ... ok
test services::install_plan::tests::windows_falls_back_to_scoop ... ok
test services::install_plan::tests::windows_prefers_winget ... ok
test services::install_plan::tests::windows_unsupported_no_pm ... ok
test services::install_ring_buffer::tests::redact_masks_key_value ... ok
test services::install_ring_buffer::tests::redact_masks_token ... ok
test services::install_ring_buffer::tests::redact_preserves_safe_lines ... ok
test services::install_ring_buffer::tests::ring_buffer_clears_on_new_attempt ... ok
test services::install_ring_buffer::tests::ring_buffer_evicts_oldest_log ... ok
test services::install_ring_buffer::tests::ring_buffer_stores_terminal ... ok
test services::install_service::tests::cancel_when_not_running_returns_not_running ... ok
test services::install_service::tests::concurrent_consumption_has_exactly_one_winner ... ok
test services::install_service::tests::consumed_plan_is_rejected_as_reused ... ok
test services::install_service::tests::detect_returns_result ... ok
test services::install_service::tests::execute_rejects_when_attempt_slot_is_occupied ... ok
test services::install_service::tests::expired_plan_cannot_execute ... ok
test services::install_service::tests::manual_catalog_builds_successfully ... ok
test services::install_service::tests::plan_is_bound_to_host_snapshot ... ok
test services::install_service::tests::plan_rejects_renderer_modified_capabilities ... ok
test services::install_service::tests::plan_rejects_stale_detection_hint ... ok
test services::install_service::tests::plan_with_no_pm_returns_unsupported ... ok
test services::install_service::tests::registering_a_new_plan_prunes_expired_entries ... ok
test services::install_service::tests::unknown_plan_id_has_stable_typed_error ... ok
test services::install_types::tests::cancel_result_round_trip ... ok
test services::install_types::tests::detection_result_absent_round_trip ... ok
test services::install_types::tests::detection_result_available_round_trip ... ok
test services::install_types::tests::install_event_cancelled_round_trip ... ok
test services::install_types::tests::install_event_failed_round_trip ... ok
test services::install_types::tests::install_event_log_round_trip ... ok
test services::install_types::tests::install_event_started_round_trip ... ok
test services::install_types::tests::install_event_succeeded_round_trip ... ok
test services::install_types::tests::install_flow_error_round_trip ... ok
test services::install_types::tests::plan_outcome_round_trip ... ok
test services::install_types::tests::renderer_cannot_forge_command_or_modify_args_and_envs ... ok
test services::grok_auth_service::accounts::tests::grok_auth_all_mutations_wait_for_the_same_operation_lock ... ok
test services::runtime_overview_service::tests::claude_api_key_profile_renders_third_party_api ... ok
test services::runtime_overview_service::tests::claude_subscription_login_renders_official_auth ... ok
test services::runtime_overview_service::tests::codex_api_key_renders_third_party_api ... ok
test services::runtime_overview_service::tests::codex_chatgpt_login_renders_official_auth ... ok
test services::runtime_overview_service::tests::codex_missing_chatgpt_auth_renders_login_hint ... ok
test services::runtime_overview_service::tests::codex_provider_key_renders_provider_key ... ok
test services::runtime_overview_service::tests::json_overview_contains_schema_and_both_platforms_without_legacy_key ... ok
test services::settings_service::tests::test_settings_service_apply_config ... ok
test services::ui_service::tests::test_compare_versions ... ok
test services::ui_service::tests::test_detect_ccr_ui_path ... ok
test services::ui_service::tests::test_parse_version_from_cargo_toml ... ok
test services::ui_service::tests::test_ui_service_creation ... ok
test services::validate_service::tests::test_validate_service_creation ... ok
test services::grok_auth_service::accounts::tests::grok_auth_corruption_blocks_overwrite_but_explicit_runtime_off_works ... ok
test sync::commands::tests::test_sync_config_creation ... ok
test services::grok_auth_service::accounts::tests::grok_auth_delete_is_store_only_and_off_preserves_accounts ... ok
test services::grok_auth_service::accounts::tests::grok_auth_runtime_cas_failure_keeps_latest_outgoing_saved ... ok
test services::grok_auth_service::accounts::tests::grok_auth_runtime_postwrite_error_reports_applied_unconfirmed ... ok
test services::grok_auth_service::accounts::tests::grok_auth_runtime_replacement_denied_keeps_latest_outgoing_saved ... ok
test services::grok_auth_service::accounts::tests::grok_auth_save_captured_snapshot_does_not_revert_native_refresh ... ok
test services::grok_auth_service::accounts::tests::grok_auth_save_does_not_take_official_lock_or_write_runtime ... ok
test services::grok_auth_service::accounts::tests::grok_auth_stale_revision_and_uncertain_identity_do_not_write_runtime ... ok
test services::grok_auth_service::accounts::tests::grok_auth_store_cas_failure_preserves_existing_bytes ... ok
test services::claude_auth_service::tests::diagnose_auth_sources_fails_closed_for_corrupt_credentials_without_leaking_content ... ok
test services::claude_auth_service::tests::diagnose_auth_sources_fails_closed_for_empty_state_file ... ok
test services::claude_auth_service::tests::diagnose_auth_sources_keeps_custom_responses_explanatory_and_primary_issue_only ... ok
test services::claude_auth_service::tests::diagnose_auth_sources_lists_fixed_unobservable_boundaries ... ok
test services::claude_auth_service::tests::diagnose_auth_sources_orders_official_sources_and_confidence ... ok
test services::grok_auth_service::accounts::tests::grok_auth_store_write_failure_blocks_destructive_operations ... ok
test services::grok_auth_service::accounts::tests::grok_auth_switch_round_trip_preserves_refresh_and_other_scope ... ok
test services::grok_auth_service::accounts::tests::grok_auth_unconfirmed_outgoing_durability_blocks_switch_and_off ... ok
test services::grok_auth_service::accounts::tests::grok_auth_unsupported_outgoing_never_poison_saved_account ... ok
test services::install_detect::tests::cargo_path_in_probe_host_capabilities_comes_from_hint_dirs ... ok
test services::install_detect::tests::resolve_executable_uses_cargo_hints ... ok
test services::install_detect::tests::resolve_executable_uses_path_before_hints ... ok
test services::install_detect::tests::which_on_path_finds_common_binary ... ok
test services::multi_backup_service::tests::test_multi_backup_basic_and_incremental ... ok
test sync::commands::tests::local_sync_commands_use_isolated_config_and_folder_state ... ok
test test_support::tests::test_home_can_scope_host_home_env ... ok
test test_support::tests::test_home_sets_and_restores_common_ccr_env ... ok
test test_support::tests::test_host_env_scopes_path_cargo_home_and_home ... ok

test result: ok. 345 passed; 0 failed; 0 ignored; 0 measured; 24 filtered out; finished in 106.95s

     Running tests\dispatch_routing.rs (target\debug\deps\dispatch_routing-b44d1fe79475837e.exe)

running 12 tests
test grok_auth_without_launchers_falls_back_to_help ... ok
test tui_entries_route_to_injected_launchers ... ok
test shortcut_config_name_returns_legacy_error_without_launching_tui ... ok
test version_branch_is_pure_output_and_returns_ok ... ok
test help_branch_is_pure_output_and_returns_ok ... ok
test claude_without_launchers_falls_back_to_auth_list ... ok
test list_command_preserves_missing_config_without_initializing ... ok
test list_command_routes_and_runs_in_isolated_env ... ok
test current_json_routes_and_runs_in_isolated_env ... ok
test no_subcommand_without_launchers_falls_back_to_current_overview ... ok
test codex_without_launchers_falls_back_to_auth_list ... ok
test platform_list_json_routes_and_runs_in_isolated_env ... ok

test result: ok. 12 passed; 0 failed; 0 ignored; 0 measured; 0 filtered out; finished in 0.05s

     Running unittests src\lib.rs (target\debug\deps\ccr_codex-af085bded7df6fd8.exe)

running 231 tests
test models::codex_auth::tests::test_input_mode_default ... ok
test models::codex_auth::tests::test_codex_auth_json_deserialize ... ok
test models::codex_auth::tests::test_codex_auth_account_without_expiry ... ok
test models::codex_auth::tests::test_codex_auth_account_with_expiry ... ok
test models::codex_auth::tests::test_normalize_auth_map_for_openai_api_keeps_only_api_key ... ok
test models::codex_auth::tests::test_normalize_auth_map_for_provider_and_no_auth_drops_unrelated_fields ... ok
test models::codex_auth::tests::test_normalize_auth_map_for_chatgpt_keeps_only_tokens_and_last_refresh ... ok
test models::codex_auth::tests::test_record_usage_activation_deduplicates_consecutive_entries ... ok
test models::codex_auth::tests::test_codex_auth_registry_backward_compatibility ... ok
test models::codex_auth::tests::test_registry_default ... ok
test models::codex_runtime_diagnostic::tests::runtime_consistency_prioritizes_mismatch_then_missing ... ok
test models::codex_auth::tests::test_codex_auth_registry_serialization ... ok
test managers::codex_config::tests::test_backup_nonexistent_returns_none ... ok
test managers::codex_config::tests::default_manager_uses_codex_home_when_ccr_override_is_absent ... ok
test managers::codex_config::tests::test_load_save_config_roundtrip ... ok
test managers::codex_config::tests::test_load_save_auth_roundtrip ... ok
test managers::codex_config::tests::test_cache_hit_and_invalidation ... ok
test managers::codex_config::tests::test_backup_config ... ok
test managers::codex_config::tests::test_reset_to_defaults ... ok
test platforms::codex::tests::clear_runtime_detects_custom_provider_without_bearer_or_forced_login ... ok
test platforms::codex::tests::test_codex_platform_basic ... ok
test platforms::codex::tests::test_legacy_github_profile_error ... ok
test platforms::codex::tests::clear_runtime_keeps_official_api_key_without_pointer_or_third_party ... ok
test platforms::codex::tests::test_parse_current_auth_intent_supports_legacy_and_custom_layouts ... ok
test platforms::codex::tests::clear_runtime_scrubs_default_home_when_codex_home_is_redirected ... ok
test platforms::codex::tests::current_profile_query_preserves_stale_registry_marker ... ok
test platforms::codex::tests::test_provider_type_classification ... ok
test platforms::codex::tests::clear_runtime_scrubs_openai_api_key_without_snapshot_when_pointer_exists ... ok
test platforms::codex::tests::test_resolve_current_auth_intent_falls_back_to_config_when_auth_missing ... ok
test platforms::codex::tests::deepseek_bearer_profile_roundtrip_is_idempotent_and_clearable ... ok
test platforms::codex::tests::login_prep_dirs_stay_on_explicit_ccr_codex_dir ... ok
test platforms::codex::tests::login_prep_dirs_include_default_home_when_codex_home_redirects ... ok
test platforms::codex::tests::provider_bearer_mode_validates_preferred_auth_method ... ok
test platforms::codex::tests::runtime_diagnostic_matches_api_key_without_exposing_secret ... ok
test platforms::codex::tests::runtime_diagnostic_repairs_deepseek_fields_without_exposing_bearer ... ok
test platforms::codex::tests::runtime_diagnostic_preserves_conflicting_profile_pointers ... ok
test platforms::codex::tests::runtime_diagnostic_repairs_api_key_mismatch_and_missing_key ... ok
test platforms::codex::tests::test_validate_profile_modes ... ok
test platforms::codex::tests::runtime_diagnostic_marks_keyring_credentials_as_unreadable ... ok
test services::codex_auth_crypto::tests::decrypts_aes_gcm_010_fixture ... ok
test services::codex_auth_crypto::tests::rejects_invalid_argon2_params_and_salt ... ok
test platforms::codex::tests::runtime_diagnostic_reports_runtime_and_expected_env_keys_during_route_drift ... ok
test services::codex_auth_crypto::tests::derives_same_key_as_argon2_053_fixture ... ok
test platforms::codex::tests::runtime_diagnostic_reports_runtime_only_when_no_profile_is_current ... ok
test platforms::codex::tests::runtime_diagnostic_sanitizes_url_credentials_and_rejects_invalid_env_names ... ok
test platforms::codex::tests::runtime_diagnostic_requires_provider_env_key_without_leaking_it ... ok
test services::codex_auth_crypto::tests::test_empty_password_works ... ok
test platforms::codex::tests::runtime_diagnostic_treats_no_auth_as_not_applicable_credential ... ok
test services::codex_auth_crypto::tests::test_encrypt_decrypt_roundtrip ... ok
test services::codex_auth_service::tests::test_backup_current_auth ... ok
test services::codex_auth_service::tests::test_backup_rotation ... ok
test services::codex_auth_service::tests::test_base64url_decode ... ok
test platforms::codex::tests::test_apply_official_profile_overlays_managed_fields ... ok
test services::codex_auth_service::tests::test_delete_nonexistent_account ... ok
test services::codex_auth_service::tests::test_extract_email_from_jwt ... ok
test services::codex_auth_service::tests::test_extract_email_no_token ... ok
test services::codex_auth_service::tests::test_extract_plan_type_prefers_access_token_claims ... ok
test services::codex_auth_service::tests::test_get_current_auth_info_api_key_identity ... ok
test services::codex_auth_service::tests::test_get_login_state_does_not_create_registry_side_effects ... ok
test services::codex_auth_service::tests::test_get_login_state_logged_in_unsaved ... ok
test services::codex_auth_service::tests::test_get_login_state_not_logged_in ... ok
test services::codex_auth_crypto::tests::test_large_payload ... ok
test services::codex_auth_crypto::tests::rejects_invalid_nonce_and_tampered_nonce_ciphertext_or_tag ... ok
test services::codex_auth_crypto::tests::test_different_exports_produce_different_ciphertext ... ok
test platforms::codex::tests::test_apply_profile_preserves_explicit_forced_login_method ... ok
test services::codex_auth_crypto::tests::test_tampered_metadata_fails_decryption ... ok
test services::codex_auth_service::tests::test_get_runtime_summary_for_profile_pending_auth ... ok
test services::codex_auth_service::tests::test_detect_codex_process ... ok
test services::codex_auth_crypto::tests::test_unicode_password_and_content ... ok
test services::codex_auth_service::tests::test_get_runtime_summary_for_runtime_only_auth ... ok
test services::codex_auth_service::tests::test_get_runtime_summary_for_profile_only_provider_key ... ok
test services::codex_auth_crypto::tests::test_wrong_password_fails ... ok
test services::codex_auth_service::tests::test_import_accounts_invalid_json ... ok
test services::codex_auth_service::tests::test_import_accounts_invalid_name ... ok
test platforms::codex::tests::test_apply_switch_spec_syncs_oauth_tokens_before_clearing ... ok
test services::codex_auth_service::tests::test_get_runtime_summary_for_profile_with_auth ... ok
test services::codex_auth_service::tests::test_is_logged_in_no_file ... ok
test services::codex_auth_service::tests::test_get_runtime_summary_preserves_explicit_openai_pending_state ... ok
test services::codex_auth_service::tests::test_is_logged_in_with_empty_object ... ok
test services::codex_auth_service::tests::test_import_accounts_force_creates_backups ... ok
test platforms::codex::tests::test_apply_third_party_profile_succeeds_on_non_file_store ... ok
test services::codex_auth_service::tests::test_is_logged_in_with_invalid_json ... ok
test services::codex_auth_service::tests::test_is_logged_in_with_valid_auth ... ok
test services::codex_auth_service::tests::test_keyring_store_is_reported_as_unsupported ... ok
test services::codex_auth_service::tests::test_mask_email ... ok
test services::codex_auth_service::tests::test_registry_default ... ok
test services::codex_auth_service::tests::test_registry_serialization ... ok
test services::codex_auth_service::tests::test_registry_with_expiry_serialization ... ok
test services::codex_auth_service::tests::test_registry_without_expiry_serialization ... ok
test services::codex_auth_service::tests::test_mask_email_edge_cases ... ok
test services::codex_auth_service::tests::test_rename_account_missing_source_errors ... ok
test services::codex_auth_service::tests::test_import_accounts_merge_without_force ... ok
test services::codex_auth_service::tests::test_import_accounts_merge_with_force ... ok
test services::codex_auth_service::tests::test_import_accounts_replace_mode ... ok
test services::codex_auth_service::tests::test_no_virtual_default_when_saved ... ok
test platforms::codex::tests::test_apply_third_party_writes_config ... ok
test services::codex_auth_service::tests::test_get_runtime_summary_keeps_explicit_openai_api_profile_mode ... ok
test services::codex_auth_service::tests::test_get_runtime_summary_prefers_profile_only_for_non_openai_profile ... ok
test services::codex_auth_service::tests::test_list_accounts_ignores_legacy_expiry_metadata ... ok
test services::codex_auth_service::tests::test_rename_account_rejects_invalid_new_name ... ok
test services::codex_auth_service::tests::test_rename_account_same_name_is_noop ... ok
test services::codex_auth_service::tests::test_reserve_explicit_account_name_rejects_duplicates ... ok
test platforms::codex::tests::test_official_resets_config ... ok
test services::codex_auth_service::tests::test_save_current_persists_plan_type_from_runtime_tokens ... ok
test services::codex_auth_service::tests::test_rename_account_moves_file_and_updates_registry ... ok
test services::codex_auth_service::tests::test_switch_nonexistent_account ... ok
test services::codex_auth_service::tests::test_rename_account_preserves_usage_ledger_attribution ... ok
test services::codex_auth_service::tests::test_validate_account_name ... ok
test services::codex_auth_service::tests::test_validate_account_name_length ... ok
test services::codex_auth_service::tests::test_rename_account_rejects_conflict_without_force ... ok
test services::codex_auth_service::tests::test_save_duplicate_without_force ... ok
test platforms::codex::tests::test_provider_env_key_profile_does_not_apply_forced_login_method ... ok
test services::codex_auth_service::tests::test_virtual_default_account ... ok
test services::codex_auth_service::tests::test_rename_account_force_overwrites_conflict ... ok
test services::codex_auth_service::tests::test_save_duplicate_with_force ... ok
test platforms::codex::tests::test_provider_model_explicit_is_ignored ... ok
test services::codex_history_sync_service::tests::prune_backups_keeps_latest_managed_entries ... ok
test services::codex_auth_service::tests::test_get_runtime_summary_ignores_stale_profile_pointer_after_auth_switch ... ok
test services::codex_history_sync_service::tests::bridge_include_provider_allows_unknown_rollout_and_sqlite_provider ... ok
test services::codex_history_sync_service::tests::bridge_official_custom_targets_custom_for_third_party_runtime ... ok
test services::codex_history_sync_service::tests::bridge_skips_unknown_missing_sqlite_row_without_include_provider ... ok
test services::codex_history_sync_service::tests::bridge_skips_unknown_rollout_provider_without_include_provider ... ok
test services::codex_history_sync_service::tests::bridge_official_custom_targets_implicit_openai_without_provider ... ok
test services::codex_history_sync_service::tests::restore_removes_session_index_created_by_sync ... ok
test services::codex_auth_service::tests::test_switch_account_rewrites_auth_with_only_normalized_target_fields ... ok
test services::codex_history_sync_service::tests::status_reports_missing_session_index_entries ... ok
test services::codex_history_sync_service::tests::status_skips_existing_session_index_entry ... ok
test platforms::codex::tests::test_requires_openai_auth_ignores_env_key_and_clears_provider_token ... ok
test services::codex_auth_service::tests::test_switch_to_legacy_expired_account_still_succeeds ... ok
test services::codex_auth_service::tests::test_switch_to_non_expired_account_allowed ... ok
test services::codex_history_sync_service::tests::status_uses_implicit_openai_when_root_provider_missing ... ok
test services::codex_history_sync_service::tests::status_reports_visibility_and_encrypted_diagnostics ... ok
test services::codex_history_sync_service::tests::restore_reverts_existing_session_index_content ... ok
test services::codex_auth_service::tests::test_save_switch_delete_workflow ... ok
test platforms::codex::tests::test_save_profile_scrubs_secret_and_restores_on_load ... ok
test services::codex_history_sync_service::tests::sync_appends_missing_session_index_entries ... ok
test services::codex_history_sync_service::tests::sync_dry_run_reports_session_index_without_writing ... ok
test services::codex_history_sync_service::tests::sync_rejects_zero_max_age_days ... ok
test services::codex_auth_service::tests::test_switch_account_clears_custom_route_for_plain_openai_accounts ... ok
test services::codex_history_sync_service::tests::sync_dry_run_previews_without_writing_state ... ok
test services::codex_model_provider_store::tests::roundtrip_provider_store ... ok
test services::codex_history_sync_service::tests::sync_appends_missing_session_index_entries_from_sqlite_threads ... ok
test services::codex_history_sync_service::tests::sync_accepts_explicit_custom_when_current_provider_is_implicit ... ok
test services::codex_history_sync_service::tests::sync_backfills_missing_sqlite_threads_from_rollouts ... ok
test services::codex_auth_service::tests::test_switch_account_keeps_custom_route_for_explicit_base_url_accounts ... ok
test services::codex_history_sync_service::tests::sync_backfills_missing_sqlite_threads_with_preview_when_column_exists ... ok
test services::codex_history_sync_service::tests::sync_all_history_covers_old_rollouts_without_touching_unknown_sqlite_rows ... ok
test services::codex_process_service::tests::app_server_fixture_child ... ok
test services::codex_process_service::tests::discovery_issue_fails_closed_without_signals ... ok
test services::codex_process_service::tests::dry_run_only_reads_the_initial_snapshot ... ok
test services::codex_process_service::tests::empty_initial_snapshot_is_a_no_op ... ok
test services::codex_process_service::tests::empty_snapshot_ends_grace_without_further_waits ... ok
test services::codex_process_service::tests::escalates_every_target_present_at_deadline ... ok
test services::codex_process_service::tests::failed_signals_are_not_reported_as_termination ... ok
test services::codex_process_service::tests::living_identity_that_stops_matching_is_not_reported_terminated ... ok
test services::codex_process_service::tests::matches_native_and_node_app_servers ... ok
test services::codex_process_service::tests::matches_windows_native_and_node_paths ... ok
test services::codex_process_service::tests::never_matches_plain_codex_tasks_or_argument_mentions ... ok
test services::codex_process_service::tests::pid_reuse_is_tracked_by_start_time ... ok
test services::codex_process_service::tests::pid_round_trip_preserves_process_identifier ... ok
test services::codex_process_service::tests::records_term_exit_after_snapshot_confirmation ... ok
test services::codex_process_service::tests::remaining_targets_use_full_poll_rounds_then_kill ... ok
test services::codex_process_service::tests::settle_only_replacement_is_respawned_without_deadline_kill ... ok
test services::codex_process_service::tests::unsupported_term_uses_kill_and_checks_its_bool ... ok
test services::codex_history_sync_service::tests::sync_rolls_back_when_global_state_is_invalid ... ok
test services::codex_history_sync_service::tests::sync_defaults_to_bridge_when_provider_implicit_without_args ... ok
test services::codex_history_sync_service::tests::sync_defaults_to_recent_seven_days_only ... ok
test services::codex_quota_service::tests::load_snapshot_from_path_reads_codex_tokens ... ok
test services::codex_registry_store::tests::test_backup_missing_file_returns_none ... ok
test services::codex_registry_store::tests::test_load_missing_returns_default ... ok
test platforms::codex::tests::test_switching_from_openai_auth_to_provider_env_key_clears_openai_key ... ok
test services::codex_session_service::tests::benchmark_list_sessions_inventory_cache ... ignored
test services::codex_session_service::tests::clone_session_generates_new_session_id ... ok
test services::codex_history_sync_service::tests::sync_respects_custom_max_age_days ... ok
test services::codex_history_sync_service::tests::sync_repairs_existing_sqlite_preview_has_user_event_and_cwd ... ok
test services::codex_history_sync_service::tests::sync_rewrites_rollout_sqlite_and_sidebar_then_restore_reverts ... ok
test services::codex_session_service::tests::get_session_detail_clips_messages ... ok
test services::codex_session_service::tests::list_sessions_extracts_summary ... ok
test services::codex_history_sync_service::tests::sync_uses_mtime_when_rollout_has_no_timestamps ... ok
test services::codex_session_service::tests::list_sessions_reuses_cached_summary_for_unchanged_file ... ok
test services::codex_session_service::tests::session_inventory_reuses_directory_cache_and_updates_on_new_file ... ok
test services::codex_registry_store::tests::test_backup_creates_file ... ok
test services::codex_session_trash_service::tests::list_trashed_sessions_is_empty_when_trash_root_missing ... ok
test services::codex_usage_service::tests::benchmark_compute_rolling_usage_cache ... ignored
test services::codex_quota_service::tests::update_auth_file_rewrites_access_and_refresh_tokens ... ok
test services::codex_registry_store::tests::test_save_and_load_roundtrip ... ok
test services::codex_usage_service::tests::test_empty_sessions ... ok
test services::codex_usage_service::tests::test_format_tokens ... ok
test services::codex_usage_service::tests::test_compute_rolling_usage ... ok
test services::codex_usage_service::tests::test_dedup_prefers_turn_completed ... ok
test services::codex_oauth_token_service::tests::test_resolve_latest_oauth_doc_prefers_newer_last_refresh_or_mtime ... ok
test services::codex_usage_service::tests::test_parse_session_with_current_format_token_count ... ok
test services::codex_usage_service::tests::test_parse_all_logs_reuses_usage_cache_for_unchanged_file ... ok
test services::codex_usage_service::tests::test_parse_session_with_token_count ... ok
test services::codex_usage_service::tests::test_usage_stats_total_tokens ... ok
test services::openai_quota_core::tests::cache_key_prefers_account_id_for_cross_surface_reuse ... ok
test services::openai_quota_core::tests::extract_email_and_account_id_from_access_token ... ok
test services::openai_quota_core::tests::format_reset_duration_covers_hours_and_days ... ok
test services::openai_quota_core::tests::normalize_openai_plan_formats_common_variants ... ok
test services::openai_quota_core::tests::parse_quota_translates_used_percent_to_remaining_budget ... ok
test services::codex_session_trash_service::tests::restore_refuses_existing_rollout_and_keeps_trash_entry ... ok
test services::openai_quota_core::tests::quota_cache_expires_stale_entry ... ok
test services::openai_quota_core::tests::quota_cache_reuses_recent_entry_for_same_account_id ... ok
test utils::tests::test_codex_paths_from_dirs ... ok
test services::codex_session_trash_service::tests::restore_refuses_existing_session_index_id_and_keeps_trash_entry ... ok
test utils::tests::test_decode_base64url_json_payload ... ok
test utils::tests::test_decode_base64url_standard ... ok
test services::codex_session_trash_service::tests::trash_moves_rollout_and_removes_session_index_entry ... ok
test utils::tests::test_decode_base64url_with_padding ... ok
test services::codex_usage_service::tests::test_parse_session_with_top_level_turn_context_and_session_id ... ok
test services::codex_session_trash_service::tests::restore_recreates_rollout_appends_index_and_removes_trash_entry ... ok
test services::codex_usage_service::tests::test_parse_session_with_turn_completed ... ok
test services::codex_usage_service::tests::test_parse_session_with_turn_context ... ok
test services::codex_session_trash_service::tests::trash_handles_multiple_sessions ... ok
test services::codex_oauth_token_service::tests::test_repair_saved_account_updates_snapshot_and_registry ... ok
test platforms::codex::tests::test_target_gpt_5_6_models_round_trip_and_apply_without_runtime_allowlist ... ok
test platforms::codex::tests::test_third_party_clears_stale_optional_provider_fields ... ok
test platforms::codex::tests::test_third_party_default_auth_key ... ok
test platforms::codex::tests::test_third_party_default_auth_key_clears_stale_chatgpt_auth_metadata ... ok
test platforms::codex::tests::test_third_party_preserves_fields ... ok
test platforms::codex::tests::test_third_party_writes_env_key ... ok
test services::codex_auth_service::tests::test_get_runtime_summary_ignores_global_registry_current_profile ... ok
test services::codex_oauth_pending_store::tests::oauth_pending_cancel_and_expiry_denial_return_errors_without_copies ... ok
test services::codex_oauth_pending_store::tests::oauth_pending_create_replace_cancel_and_expiry_never_make_copies ... ok
test services::codex_oauth_pending_store::tests::oauth_pending_errors_and_default_output_redact_sentinels ... ok
test services::codex_oauth_pending_store::tests::oauth_pending_loads_legacy_plaintext_shape_without_changing_values ... ok
test services::codex_oauth_pending_store::tests::oauth_pending_permission_failure_preserves_old_or_missing_target ... ok
test services::codex_process_service::tests::windows_backend_refreshes_and_terminates_only_controlled_child ... ok
test services::codex_oauth_pending_store::tests::oauth_pending_windows_create_and_replace_keep_private_dacl ... ok
test test_support::tests::test_codex_env_sets_and_restores_codex_env_vars ... ok
test utils::tests::test_codex_paths_use_codex_home_without_ccr_override ... ok

test result: ok. 229 passed; 0 failed; 2 ignored; 0 measured; 0 filtered out; finished in 3.89s

     Running unittests src\lib.rs (target\debug\deps\ccr_config-255cb8941e76fd3e.exe)

running 104 tests
test managers::config::repository_tests::subprocess_adapter_worker ... ignored, child process used by the two cross-process tests
test managers::config::repository_tests::current_resolution_reports_repair_without_changing_input ... ok
test managers::config::types::tests::test_debug_output_masks_auth_token ... ok
test managers::config::types::tests::test_apply_managed_env_pairs_clears_stale_keys_on_profile_switch ... ok
test managers::config::types::tests::test_env_status_preview_matches_managed_pairs ... ok
test managers::config::types::tests::test_to_managed_env_pairs_core_fields ... ok
test managers::config::types::tests::test_to_managed_env_pairs_extended_model_envs ... ok
test managers::config::types::tests::test_to_managed_env_pairs_fable_and_display_names ... ok
test managers::config::types::tests::test_to_managed_env_pairs_runtime_envs ... ok
test managers::config::types::tests::test_legacy_plaintext_section_round_trip_lossless ... ok
test managers::config::types::tests::test_to_managed_env_pairs_skips_none_fields ... ok
test managers::config::repository_tests::resource_identity_uses_normalized_path_and_separates_roots ... ok
test managers::config::repository_tests::resource_identity_matches_windows_verbatim_paths ... ok
test managers::config_validator::tests::test_validation_report ... ok
test managers::config_validator::tests::test_format_report ... ok
test managers::config_validator::tests::test_validator_validate_all_sections ... ok
test managers::config_validator::tests::test_validator_complete ... ok
test managers::config_validator::tests::test_validator_validate_consistency ... ok
test managers::config_validator::tests::test_validator_validate_section ... ok
test managers::platform_config::tests::test_cannot_disable_current_platform ... ok
test managers::platform_config::tests::test_disable_platform ... ok
test managers::platform_config::tests::test_list_enabled_platforms ... ok
test managers::platform_config::tests::test_platform_registry_default ... ok
test managers::platform_config::tests::test_set_current_profile ... ok
test managers::platform_config::tests::test_unified_config_default ... ok
test managers::config::repository_tests::clear_current_keeps_missing_absent_and_propagates_corrupt_or_unreadable ... ok
test managers::config_file_handler::tests::test_file_handler_load_save ... ok
test managers::provider_activation::tests::host_only_strips_scheme_path_and_userinfo ... ok
test managers::config_file_handler::tests::test_file_handler_backup ... ok
test managers::config::repository_tests::adding_to_empty_inactive_document_preserves_current_marker ... ok
test managers::config_file_handler::tests::test_file_handler_backup_auto_cleanup ... ok
test managers::config::repository_tests::desktop_and_service_processes_keep_both_updates ... ok
test managers::tui_config::tests::default_language_is_english ... ok
test managers::tui_config::tests::default_order_excludes_deprecated_usage_tab ... ok
test managers::tui_config::tests::default_theme_is_auto ... ok
test managers::config::repository_tests::current_marker_reads_only_declared_marker_without_modifying_profiles ... ok
test managers::config::repository_tests::platform_and_service_processes_keep_both_updates ... ok
test managers::config::repository_tests::explicit_platform_and_legacy_claude_ignore_registry_order ... ok
test managers::config::repository_tests::service_queries_do_not_infer_current_from_simplified_profile_order ... ok
test managers::config::repository_tests::no_op_mutations_reject_a_leaf_replacement ... ok
test managers::config::repository_tests::patch_preserves_unedited_fields_and_renames_current_and_default ... ok
test managers::config::repository_tests::platform_adapter_keeps_unedited_toml_datetime_extensions ... ok
test managers::config::repository_tests::windows_verbatim_and_service_processes_keep_both_updates ... ok
test managers::config::repository_tests::platform_validation_runs_inside_patch_before_persistence ... ok
test managers::config::repository_tests::leaf_cas_detects_nonparticipating_replacement ... ok
test managers::config::repository_tests::no_op_mutations_preserve_content_time_and_backups ... ok
test managers::config::repository_tests::strict_patch_rejects_invalid_missing_duplicate_and_stale_without_writes ... ok
test managers::config::repository_tests::unrelated_service_edits_preserve_absent_current_until_explicit_activation ... ok
test managers::config::repository_tests::uppercase_profile_path_keeps_standard_backup_policy ... ok
test models::claude_runtime_paths::tests::claude_config_dir_moves_all_config_scoped_runtime_paths ... ok
test models::claude_runtime_paths::tests::claude_runtime_paths_default_to_the_legacy_home_layout ... ok
test models::claude_runtime_paths::tests::empty_overrides_fall_back_to_the_default_layout ... ok
test models::claude_runtime_paths::tests::explicit_file_and_backup_overrides_take_priority ... ok
test models::claude_runtime_paths::tests::windows_paths_expand_percent_variables_and_preserve_path_syntax ... ok
test models::claude_runtime_paths::tests::windows_unknown_percent_variables_remain_literal ... ok
test models::platform::tests::test_auth_profile_supported_is_narrower_than_all_platforms ... ok
test models::platform::tests::test_platform_all ... ok
test models::platform::tests::test_platform_display ... ok
test models::platform::tests::test_platform_from_str ... ok
test models::platform::tests::test_platform_implemented ... ok
test models::platform::tests::test_platform_is_implemented ... ok
test models::platform::tests::test_platform_paths_structure ... ok
test models::platform::tests::test_profile_config_builder ... ok
test managers::config::repository_tests::corrupt_and_readonly_queries_leave_files_unchanged ... ok
test platforms::base::tests::test_line_column_at_counts_unicode_characters ... ok
test platforms::base::tests::test_load_profiles_from_toml_reports_path_on_parse_error ... ok
test platforms::base::tests::test_parse_profiles_from_str_preserves_empty_collection_behavior ... ok
test platforms::base::tests::test_parse_profiles_from_str_redacts_rejected_enum_value ... ok
test platforms::base::tests::test_parse_profiles_from_str_redacts_typed_secret_field_failure ... ok
test platforms::base::tests::test_parse_profiles_from_str_reports_live_provider_type_error ... ok
test platforms::base::tests::test_parse_profiles_from_str_supports_full_and_simplified_formats ... ok
test platforms::base::tests::test_profile_to_section_provider_type ... ok
test managers::config::repository_tests::reads_do_not_initialize_autofix_or_lock_files ... ok
test managers::platform_config::tests::test_list_backups_discovers_legacy_and_new_naming ... ok
test managers::provider_activation::tests::activation_records_provider_and_never_leaks_secret ... ok
test managers::provider_activation::tests::clear_writes_clear_event ... ok
test managers::provider_activation::tests::identical_consecutive_activation_is_deduped ... ok
test platforms::base::tests::test_section_to_profile_roundtrip ... ok
test managers::provider_activation::tests::missing_profiles_still_logs_activate_without_provider ... ok
test managers::provider_activation::tests::switching_provider_appends_new_line ... ok
test managers::tui_config::tests::auto_theme_round_trips_through_save_and_load ... ok
test managers::tui_config::tests::load_accepts_simplified_chinese_language ... ok
test managers::tui_config::tests::load_appends_multiple_missing_tabs_in_default_relative_order ... ok
test managers::tui_config::tests::load_migrates_five_item_tab_order_without_losing_custom_order ... ok
test managers::tui_config::tests::load_or_default_falls_back_for_duplicate_tab_ids ... ok
test managers::tui_config::tests::load_or_default_falls_back_for_unknown_tab_ids ... ok
test managers::tui_config::tests::load_preserves_legacy_custom_order_and_ignores_usage_tab ... ok
test managers::tui_config::tests::load_returns_default_when_tui_config_is_missing ... ok
test managers::tui_config::tests::non_string_language_falls_back_without_discarding_tab_order ... ok
test managers::tui_config::tests::non_string_theme_falls_back_to_auto_without_discarding_other_preferences ... ok
test managers::tui_config::tests::save_rejects_invalid_tab_order_without_overwriting_existing_config ... ok
test managers::tui_config::tests::save_round_trips_language_and_tab_order ... ok
test managers::tui_config::tests::unsupported_language_falls_back_without_discarding_tab_order ... ok
test managers::tui_config::tests::unsupported_theme_falls_back_without_discarding_other_preferences ... ok
test managers::tui_config::tests::with_default_resolves_tui_toml_under_ccr_root ... ok
test platforms::base::tests::test_clear_registry_current_profile_preserves_other_platforms ... ok
test platforms::base::tests::test_reconcile_registry_current_profile_after_delete_clears_when_empty ... ok
test platforms::base::tests::test_reconcile_registry_current_profile_after_delete_repoints_to_first_remaining ... ok
test platforms::base::tests::test_register_platform_if_missing_is_idempotent ... ok
test platforms::base::tests::test_register_platform_if_missing_persists_unsaved_default_entry ... ok
test platforms::base::tests::test_register_platform_if_missing_serializes_concurrent_registration ... ok
test services::config_service::tests::restore_config_from_backup_replaces_config_and_creates_pre_restore_backup ... ok
test services::config_service::tests::test_config_service_add_get ... ok
test test_support::tests::test_ccr_env_sets_and_restores_root_and_lock_dir ... ok

test result: ok. 103 passed; 0 failed; 1 ignored; 0 measured; 0 filtered out; finished in 8.10s

     Running unittests src\lib.rs (target\debug\deps\ccr_core-2a7060faf57b6fc2.exe)

running 121 tests
test core::cache::tests::test_cache_invalidate ... ok
test core::cache::tests::test_cache_shared_hits_reuse_arc ... ok
test core::cache::tests::test_cache_basic ... ok
test core::cache::tests::test_cache_loader_called_once ... ok
test core::cache::tests::test_cache_status ... ok
test core::error::tests::test_error_codes ... ok
test core::error::tests::test_is_fatal ... ok
test core::error::tests::test_update_error_user_message_without_generic_hint ... ok
test core::error::tests::test_variant_set_is_frozen ... ok
test core::error::tests::test_user_message ... ok
test core::fileio::tests::test_read_nonexistent_file ... ok
test core::cache::tests::test_cache_thread_safety ... ok
test core::guarded_write::tests::test_content_version_token_is_stable_and_content_sensitive ... ok
test core::fileio::tests::test_read_invalid_toml ... ok
test core::atomic_writer::tests::grok_auth_windows_acl_failure_precedes_payload_and_cleans_temporary_files ... ok
test core::guarded_write::tests::test_fixed_clock_backup_child ... ok
test core::atomic_writer::tests::test_async_atomic_write_string ... ok
test core::atomic_writer::tests::test_async_secret_preserves_windows_dacl ... ok
test core::atomic_writer::tests::test_atomic_write_string ... ok
test core::atomic_writer::tests::test_atomic_write_creates_directory ... ok
test core::atomic_writer::tests::test_atomic_write ... ok
test core::atomic_writer::tests::test_async_atomic_write ... ok
test core::guarded_write::tests::test_lock_resource_name_format_and_stability ... ok
test core::guarded_write::tests::test_backup_preserves_windows_readonly_attribute ... ok
test core::atomic_writer::tests::test_atomic_overwrite ... ok
test core::guarded_write::tests::test_backup_collision_retries_without_overwriting ... ok
test core::fileio::tests::test_auto_create_parent_directory ... ok
test core::fileio::tests::test_read_write_json ... ok
test core::guarded_write::tests::test_backup_preserves_private_windows_dacl ... ok
test core::atomic_writer::tests::grok_auth_new_secret_windows_dacl_is_private_before_payload ... ok
test core::guarded_write::tests::test_readonly_backup_collision_failure_removes_temporary ... ok
test core::fileio::tests::test_read_write_toml ... ok
test core::guarded_write::tests::test_rotation_ties_are_stable_for_old_and_new_names ... ok
test core::atomic_writer::tests::test_atomic_overwrite_repeatedly ... ok
test core::fileio::tests::test_read_write_json_async ... ok
test core::lock::tests::cross_process_lock_holder_child ... ok
test core::http::tests::test_http_client_builds_request ... ok
test core::cache::tests::test_cache_ttl_expiry ... ok
test core::lock::tests::test_file_lock_basic ... ok
test core::lock::tests::grok_auth_lock_preserves_native_holder_metadata ... ok
test core::lock::tests::test_file_lock_contention_then_release_allows_retry ... ok
test core::lock::tests::test_file_lock_open_error_preserves_file_lock_error ... ok
test core::lock::tests::test_try_lock_result_adapter_preserves_all_outcomes ... ok
test core::log_bridge::tests::excluded_targets_are_not_bridged ... ok
test core::fileio::tests::test_read_write_toml_async ... ok
test core::log_bridge::tests::process_id_is_stable ... ok
test core::log_bridge::tests::reentrant_enqueue_is_dropped ... ok
test core::log_bridge::tests::queue_reports_full_after_capacity ... ok
test core::log_redact::tests::normalize_log_key_strips_separators ... ok
test core::lock::tests::test_lock_manager ... ok
test core::log_redact::tests::ordinary_sentence_is_not_fully_masked ... ok
test core::log_writer::tests::managed_name_matches_daily_files_only ... ok
test core::log_redact::tests::redact_vectors_from_shared_file ... ok
test core::logging::tests::managed_log_name_matches_daily_files ... ok
test core::logging::tests::test_markers ... ok
test core::logging::tests::test_mask_sensitive ... ok
test core::logging::tests::test_output_methods ... ok
test core::logging::tests::cleanup_removes_only_expired_ccr_rolling_logs ... ok
test core::guarded_write::tests::test_backup_guarded_none_policy_and_missing_source ... ok
test core::guarded_write::tests::test_backup_failure_preserves_target_and_removes_temporary ... ok
test core::process_gateway::tests::bounded_line_reader_handles_newline_crlf_and_utf8_boundary ... ok
test core::process_gateway::tests::bounded_line_reader_caps_unterminated_input ... ok
test core::guarded_write::tests::test_dir_backup_naming ... ok
test core::lock::tests::test_file_lock_cross_process_contention_and_release ... ok
test core::process_gateway::tests::dropping_unreaped_process_terminates_it ... ok
test core::guarded_write::tests::test_fixed_clock_preserves_each_preimage_and_legacy_backup ... ok
test core::secret::tests::test_default_serialize_masks_json_and_toml ... ok
test core::secret::tests::test_deserialize_accepts_plaintext_round_trip ... ok
test core::secret::tests::test_display_and_debug_are_masked ... ok
test core::secret::tests::test_expose_plaintext_serializes_original ... ok
test core::secret::tests::test_is_empty_and_default ... ok
test core::secret::tests::test_option_none_is_skipped_on_disk ... ok
test core::secret::tests::test_partial_eq_and_from ... ok
test core::process_gateway::tests::live_tree_confirmation_times_out_without_claiming_cleanup ... ok
test core::write_journal::tests::journal_covers_windows_case_and_verbatim_aliases ... ok
test core::write_journal::tests::journal_external_change_blocks_further_write_and_compensation ... ok
test core::write_journal::tests::journal_rejects_async_write_before_worker_dispatch ... ok
test core::write_journal::tests::journal_rejects_source_change_before_first_write ... ok
test core::write_journal::tests::journal_removes_new_file_and_keeps_unlisted_file ... ok
test core::write_journal::tests::journal_restores_deleted_windows_dacl ... ok
test core::write_journal::tests::journal_restores_deleted_windows_readonly ... ok
test core::write_journal::tests::journal_restores_post_publish_failure ... ok
test core::atomic_writer::tests::test_windows_atomic_replace_failure_keeps_original_file ... ok
test core::write_journal::tests::journal_restores_repeated_write_delete_and_recreate ... ok
test core::write_journal::tests::journal_scope_unwind_restores_and_rejects_nested_scope ... ok
test core::guarded_write::tests::test_dir_backup_rotation_keeps_ten ... ok
test core::process_gateway::tests::managed_process_exposes_pipes_and_waits ... ok
test utils::auto_complete::tests::test_auto_complete_all_fields_missing ... ok
test utils::auto_complete::tests::test_auto_complete_idempotent ... ok
test utils::auto_complete::tests::test_auto_complete_no_fields_missing ... ok
test utils::auto_complete::tests::test_auto_complete_partial_fields_missing ... ok
test utils::mask::tests::test_mask_if_sensitive ... ok
test utils::mask::tests::test_mask_sensitive ... ok
test utils::mask::tests::test_mask_sensitive_multibyte_no_panic ... ok
test utils::qwen_paths::tests::extracts_qwen_project_dir_name_from_chat_path ... ok
test utils::qwen_paths::tests::qwen_chat_file_detection_requires_projects_and_chats_dirs ... ok
test utils::qwen_paths::tests::resolve_qwen_runtime_base_dir_falls_back_to_home ... ok
test utils::qwen_paths::tests::resolve_qwen_runtime_base_dir_prefers_env_override ... ok
test core::write_journal::tests::journal_uses_relative_paths_and_does_not_cross_threads ... ok
test core::guarded_write::tests::test_secret_permission_no_op_requires_an_existing_matching_version ... ok
test core::guarded_write::tests::test_fixed_clock_multiprocess_backups_preserve_every_version ... ok
test core::guarded_write::tests::test_same_dir_backup_naming ... ok
test core::guarded_write::tests::test_same_dir_backup_rotation_keeps_ten ... ok
test core::guarded_write::tests::test_secret_permission_no_op_waits_for_the_guarded_leaf_lock ... ok
test core::guarded_write::tests::test_write_guarded_async_basic ... ok
test core::guarded_write::tests::test_write_guarded_basic_and_overwrite ... ok
test core::guarded_write::tests::test_write_guarded_fails_when_parent_is_file ... ok
test core::process_gateway::tests::managed_process_terminates_windows_descendant_tree ... ok
test core::guarded_write::tests::test_write_guarded_lock_contention_times_out ... ok
test core::process_gateway::tests::reaped_windows_parent_still_cleans_its_descendant_tree ... ok
test core::guarded_write::tests::test_write_guarded_multithreaded_no_torn_writes ... ok
test core::guarded_write::tests::test_write_guarded_versioned_allows_only_one_concurrent_cas_writer ... ok
test core::guarded_write::tests::test_write_guarded_versioned_empty_token_only_creates_missing_file ... ok
test core::guarded_write::tests::test_write_guarded_versioned_rejects_conflict_without_backup ... ok
test core::logging::tests::test_resolve_log_filter_invalid_falls_back ... ok
test core::logging::tests::test_resolve_log_filter_keeps_full_directive ... ok
test core::logging::tests::test_resolve_log_filter_precedence ... ok
test core::guarded_write::tests::test_write_guarded_versioned_writes_matching_version_with_backup ... ok
test core::write_journal::tests::guarded_write_obeys_windows_alias_leaf_lock ... ok
test test_support::tests::test_log_env_sets_removes_and_restores_log_vars ... ok
test core::write_journal::tests::journal_rollback_obeys_windows_alias_leaf_lock ... ok

test result: ok. 121 passed; 0 failed; 0 ignored; 0 measured; 0 filtered out; finished in 3.17s

     Running unittests src\lib.rs (target\debug\deps\ccr_db-3dd738da59b73323.exe)

running 125 tests
test database::migrations::tests::test_migration_v15_idempotent ... ok
test database::migrations::tests::test_initial_migration ... ok
test database::migrations::tests::test_legacy_migration_marker ... ok
test database::repositories::checkin_repo::tests::test_balance_operations ... ok
test database::repositories::checkin_repo::tests::test_get_records_filtered_advanced_preserves_column_order ... ok
test database::migrations::tests::test_migration_v15_adds_builtin_id_to_legacy_table ... ok
test database::repositories::checkin_repo::tests::test_account_crud ... ok
test database::repositories::checkin_repo::tests::test_get_records_paginated_advanced_preserves_column_order ... ok
test database::migrations::tests::test_apply_migration_rolls_back_schema_and_marker_on_failure ... ok
test database::migrations::tests::test_migration_idempotent ... ok
test database::migrations::tests::test_migration_v7_handles_fresh_schema ... ok
test database::repositories::checkin_repo::tests::test_provider_crud ... ok
test database::repositories::checkin_repo::tests::test_record_operations ... ok
test database::repositories::checkin_repo::tests::test_skipped_record_roundtrip ... ok
test database::migrations::tests::test_migration_v2 ... ok
test database::migrations::tests::test_migration_v7_idempotent ... ok
test database::migrations::tests::test_migration_v2_idempotent ... ok
test database::migrations::tests::test_migration_v10_removes_raw_response_column ... ok
test database::migrations::tests::test_migration_v16_repairs_valid_rows_and_accounts_for_malformed_json ... ok
test database::migrations::tests::test_migration_v16_row_decode_and_update_errors_roll_back_marker ... ok
test database::repositories::usage_repo::tests::agent_session_archive_ids_are_stable_opaque_and_member_scoped ... ok
test database::migrations::tests::test_migration_v13_reprices_usage_records_and_handles_legacy_v12_marker ... ok
test database::repositories::claude_tool_calls_repo::tests::ingest_state_upsert_roundtrip ... ok
test database::repositories::checkin_repo::tests::test_waf_cookies ... ok
test database::repositories::claude_tool_calls_repo::tests::upsert_batch_then_top_tools ... ok
test database::repositories::log_repo::tests::test_delete_old_logs ... ok
test database::repositories::claude_profile_repo::tests::test_update_profile ... ok
test database::repositories::claude_tool_calls_repo::tests::upsert_is_idempotent_on_same_key ... ok
test database::repositories::claude_profile_repo::tests::test_current_profile ... ok
test database::repositories::claude_profile_repo::tests::test_profile_crud ... ok
test database::repositories::log_repo::tests::test_get_log_stats ... ok
test database::repositories::log_repo::tests::test_insert_and_get_log ... ok
test database::repositories::claude_tool_calls_repo::tests::efficiency_sorts_by_cost_per_tool ... ok
test database::repositories::ui_state_repo::tests::test_insert_and_get_history ... ok
test database::repositories::ui_state_repo::tests::test_insert_and_get_favorites ... ok
test database::repositories::ui_state_repo::tests::test_clear_history ... ok
test database::repositories::log_repo::tests::test_query_logs_by_level ... ok
test database::repositories::log_repo::tests::test_query_logs_by_channel ... ok
test database::repositories::ui_state_repo::tests::test_delete_favorite ... ok
test database::repositories::ui_state_repo::tests::test_history_limit ... ok
test database::tests::test_memory_pool ... ok
test models::checkin::account::tests::test_cookie_credentials_cookie_string ... ok
test models::checkin::account::tests::test_cookie_credentials_from_json ... ok
test models::checkin::account::tests::test_create_account ... ok
test models::checkin::account::tests::test_create_request_debug_masks_cookies ... ok
test models::checkin::account::tests::test_update_checkin_time ... ok
test models::checkin::balance::tests::test_balance_response_from_snapshot ... ok
test models::checkin::balance::tests::test_balance_snapshot ... ok
test models::checkin::balance::tests::test_usage_percentage_zero_total ... ok
test models::checkin::export::tests::test_default_export_options ... ok
test models::checkin::export::tests::test_default_import_options ... ok
test models::checkin::export::tests::test_export_data_version ... ok
test models::checkin::export::tests::test_import_result ... ok
test models::checkin::provider::tests::test_auth_value ... ok
test models::checkin::provider::tests::test_provider_urls ... ok
test models::checkin::provider::tests::test_provider_urls_with_trailing_slash ... ok
test models::checkin::record::tests::test_checkin_record_skipped ... ok
test models::checkin::record::tests::test_checkin_record_success ... ok
test models::checkin::record::tests::test_checkin_record_with_balance ... ok
test models::checkin::record::tests::test_checkin_status_display ... ok
test models::checkin::record::tests::test_checkin_status_serde_snake_case ... ok
test models::monitoring::tests::test_log_message ... ok
test models::monitoring::tests::test_token_stats ... ok
test models::usage::tests::test_usage_data_is_valid ... ok
test models::usage::tests::test_usage_data_total_tokens ... ok
test models::usage::tests::test_usage_record_is_valid ... ok
test models::usage::tests::test_usage_records_response_truncation ... ok
test services::converter_service::tests::test_claude_to_codex_conversion ... ok
test services::converter_service::tests::test_codex_to_claude_conversion ... ok
test services::log_persistence::tests::default_flush_threshold_is_twenty ... ok
test database::migrations::tests::test_migrate_usage_archive_from_legacy_dbs_is_idempotent ... ok
test database::repositories::ui_state_repo::tests::test_find_duplicate_favorite ... ok
test database::tests::test_create_pool ... ok
test database::repositories::usage_repo::tests::agent_session_archive_supports_shared_container_and_stable_keyset ... ok
test database::repositories::usage_repo::tests::test_platform_rollups_use_daily_agg ... ok
test services::usage_import_service::tests::test_extract_gemini_token_usage_from_usage_metadata ... ok
test database::repositories::usage_repo::tests::session_archive_platform_counts_use_covering_platform_indexes ... ok
test database::tests::test_pool_concurrent_access ... ok
test database::repositories::usage_repo::tests::session_archive_counts_group_full_history_by_platform ... ok
test services::usage_import_service::tests::test_import_config_default ... ok
test database::repositories::usage_repo::tests::test_batch_insert ... ok
test database::repositories::usage_repo::tests::test_model_stats_include_fable_static_rate_summary ... ok
test database::repositories::usage_repo::tests::test_usage_stats ... ok
test database::repositories::usage_repo::tests::test_paginated_logs_respects_date_and_model_filters ... ok
test database::repositories::usage_repo::tests::test_source_crud ... ok
test database::repositories::usage_repo::tests::test_cursor_and_offset_first_page_consistency ... ok
test database::repositories::usage_repo::tests::test_delete_records_by_source_keeps_daily_agg_in_sync ... ok
test database::repositories::usage_repo::tests::session_archive_range_counts_use_half_open_utc_bounds ... ok
test database::repositories::usage_repo::tests::test_record_crud ... ok
test database::repositories::user_settings_repo::tests::delete_removes_key ... ok
test database::repositories::user_settings_repo::tests::list_by_prefix_filters_namespace ... ok
test services::log_persistence::tests::test_log_persistence ... ok
test services::usage_import_service::tests::test_calculate_cost_codex_models ... ok
test database::repositories::user_settings_repo::tests::set_then_get_roundtrip ... ok
test database::repositories::user_settings_repo::tests::set_overrides_existing_value ... ok
test services::usage_import_service::tests::test_calculate_cost_current_model_catalog ... ok
test database::migrations::tests::test_migration_v17_preserves_legacy_rows_and_allows_shared_containers ... ok
test services::usage_import_service::tests::test_calculate_cost_long_context_tiers ... ok
test services::usage_import_service::tests::test_calculate_file_hash ... ok
test services::usage_import_service::tests::test_extract_project_path ... ok
test services::usage_import_service::tests::test_extract_project_path_codex ... ok
test services::usage_import_service::tests::test_extract_project_path_qwen ... ok
test services::usage_import_service::tests::test_reset_platform_sources_clears_records_and_checkpoints ... ok
test test_support::tests::test_open_code_env_sets_and_restores_opencode_dir ... ok
test services::usage_import_service::tests::test_import_file_persists_current_format_codex_records ... ok
test services::usage_import_service::tests::test_import_file_persists_gemini_session_records ... ok
test services::usage_import_service::tests::test_import_file_persists_qwen_session_records ... ok
test services::usage_import_service::tests::test_import_file_reimports_opencode_db_without_duplicate_counts ... ok
test database::migrations::tests::test_migration_v16_creates_verified_backup_for_file_database ... ok
test services::usage_import_service::tests::test_import_platform_all_includes_opencode ... ok
test services::usage_import_service::tests::test_opencode_record_id_falls_back_to_session_and_time ... ok
test services::usage_import_service::tests::test_parse_usage_record ... ok
test services::usage_import_service::tests::test_parse_usage_record_cache_creation_and_unpriced ... ok
test services::usage_import_service::tests::test_parse_usage_record_invalid ... ok
test services::usage_import_service::tests::test_parse_usage_record_nested ... ok
test services::usage_import_service::tests::test_parse_usage_record_prices_claude_fable_and_mythos ... ok
test services::usage_import_service::tests::test_read_codex_session_current_format_uses_cwd_and_total_token_usage ... ok
test services::usage_import_service::tests::test_read_codex_session_dedup_prefers_turn_completed ... ok
test services::usage_import_service::tests::test_read_codex_session_token_count ... ok
test services::usage_import_service::tests::test_read_codex_session_turn_completed ... ok
test services::usage_import_service::tests::test_read_codex_session_turn_context_updates_model ... ok
test services::usage_import_service::tests::test_read_gemini_session_uses_tokens_and_project_root ... ok
test services::usage_import_service::tests::test_read_opencode_db_imports_assistant_token_rows_for_all_providers ... ok
test services::usage_import_service::tests::test_read_qwen_session_parses_usage_metadata_and_task_execution ... ok
test services::usage_import_service::tests::test_import_file_appends_codex_session_tail_without_reimporting_history ... ok

test result: ok. 125 passed; 0 failed; 0 ignored; 0 measured; 0 filtered out; finished in 5.28s

     Running unittests src\lib.rs (target\debug\deps\ccr_skills-2fca8493fa6d00fa.exe)

running 45 tests
test managers::builtin_prompts::tests::test_builtin_prompts ... ok
test managers::builtin_prompts::tests::test_get_prompt_by_id ... ok
test managers::mcp_preset_manager::tests::test_builtin_presets ... ok
test services::skills_service::tests::build_group_key_prefers_explicit_install_group_id ... ok
test managers::prompts_manager::tests::gemini_prompt_dir_uses_antigravity_cli ... ok
test services::skills_service::tests::parse_github_reference_supports_repo_skill_suffix ... ok
test skills_ext::conflicts::tests::normalize_case_folds_on_windows ... ok
test skills_ext::conflicts::tests::normalize_unifies_separators ... ok
test services::skills_service::tests::bundled_marketplace_fallback_and_parser_are_stable ... ok
test skills_ext::hash::tests::content_hash_sentinel_prevents_concat_ambiguity ... ok
test skills_ext::hash::tests::content_hash_is_deterministic_across_btreemap_iterations ... ok
test skills_ext::hash::tests::path_hash_is_deterministic_and_short ... ok
test skills_ext::hash::tests::path_hash_is_sensitive_to_input ... ok
test skills_ext::lcs::tests::identical_inputs_are_all_same ... ok
test skills_ext::lcs::tests::empty_inputs_produce_empty_diff ... ok
test skills_ext::lcs::tests::line_numbers_are_one_based ... ok
test services::skills_service::tests::npx_command_builder_covers_selected_and_all_modes ... ok
test skills_ext::taxonomy::nlp::tests::jaccard_half_overlap ... ok
test skills_ext::taxonomy::nlp::tests::tokenize_chinese_bigrams ... ok
test skills_ext::taxonomy::nlp::tests::tokenize_empty ... ok
test skills_ext::taxonomy::synonyms::tests::get_index_returns_same_instance ... ok
test skills_ext::toggle::tests::extract_skill_rule_parses_canonical_form ... ok
test managers::mcp_preset_manager::tests::test_get_preset ... ok
test skills_ext::taxonomy::nlp::tests::jaccard_disjoint ... ok
test skills_ext::toggle::tests::validate_skill_name_accepts_letters_digits_underscore_dash ... ok
test skills_ext::toggle::tests::validate_skill_name_rejects_bad_chars ... ok
test skills_ext::taxonomy::nlp::tests::jaccard_identical ... ok
test skills_ext::taxonomy::synonyms::tests::builtin_pairs_cover_common_zh_en ... ok
test managers::mcp_preset_manager::tests::grok_maps_home_but_rejects_mcp_preset_installation ... ok
test skills_ext::taxonomy::nlp::tests::tokenize_english_words ... ok
test skills_ext::trash::tests::trash_ids_are_unique_within_process ... ok
test skills_ext::trash::tests::mutable_clock_advances ... ok
test skills_ext::versioning::tests::version_id_is_16_hex_chars ... ok
test skills_ext::trash::tests::trash_id_is_16_hex_chars ... ok
test skills_ext::versioning::tests::version_ids_from_same_process_are_unique ... ok
test services::skills_service::tests::install_validation_reports_offline_request_errors ... ok
test services::skills_service::tests::load_platforms_keeps_custom_iflow_entries ... ok
test services::skills_service::tests::resolve_source_root_prefers_manifest_skills_dir ... ok
test services::skills_service::tests::onboarding_candidates_work_after_inventory_scan_for_legacy_skill ... ok
test services::skills_service::tests::file_get_rejects_absolute_path_requests ... ok
test services::skills_service::tests::file_get_rejects_parent_traversal_outside_installation ... ok
test services::skills_service::tests::file_get_reads_files_within_installation_root ... ok
test services::skills_service::tests::local_skill_install_filters_inventory_and_rejects_duplicates ... ok
test services::skills_service::tests::local_source_install_sync_and_remove_lifecycle ... ok
test services::skills_service::tests::local_git_source_clone_pull_and_remove_lifecycle ... ok

test result: ok. 45 passed; 0 failed; 0 ignored; 0 measured; 0 filtered out; finished in 1.27s

     Running tests\skills_ext_agents_test.rs (target\debug\deps\skills_ext_agents_test-1c96563e6fe814a1.exe)

running 13 tests
test agent_id_kebab_case_is_stable ... ok
test agent_ids_are_unique_and_cover_all_five ... ok
test gemini_locator_tracks_antigravity_and_legacy_paths ... ok
test codex_has_only_global_path ... ok
test registry_display_names_and_icons_are_non_empty ... ok
test locator_for_unknown_returns_none ... ok
test claude_code_paths_follow_convention ... ok
test registry_contains_five_agents ... ok
test agent_id_parse_handles_aliases ... ok
test opencode_uses_xdg_config_layout ... ok
test droid_uses_factory_dir_in_global_and_project ... ok
test skills_root_uses_dot_ccr_hierarchy ... ok
test versions_and_trash_are_under_skills_root ... ok

test result: ok. 13 passed; 0 failed; 0 ignored; 0 measured; 0 filtered out; finished in 0.00s

     Running tests\skills_ext_scanner_test.rs (target\debug\deps\skills_ext_scanner_test-b2f9f7bc33d0df70.exe)

running 9 tests
test test_detect_conflicts_returns_empty_for_unique_names ... ok
test test_detect_conflicts_flags_same_name_different_paths ... ok
test test_detect_conflicts_dedups_same_real_path ... ok
test test_health_report_aggregates_counts ... ok
test test_plugin_locations_missing_config_returns_empty ... ok
test test_plugin_locations_ignores_invalid_json ... ok
test test_plugin_locations_reads_enabled_repositories_only ... ok
test test_find_plugin_skills_dirs_discovers_nested_skills ... ok
test test_find_plugin_skills_dirs_skips_node_modules ... ok

test result: ok. 9 passed; 0 failed; 0 ignored; 0 measured; 0 filtered out; finished in 0.01s

     Running tests\skills_ext_taxonomy_test.rs (target\debug\deps\skills_ext_taxonomy_test-f91d1635cf4e3274.exe)

running 10 tests
test test_classify_frontmatter_accepts_chinese_name ... ok
test test_classify_empty_falls_to_other ... ok
test test_classify_frontmatter_override_wins ... ok
test test_classify_by_keyword_social ... ok
test test_classify_unknown_words_falls_to_other ... ok
test test_classify_by_keyword_image_gen ... ok
test test_classify_by_keyword_code_dev ... ok
test test_merge_suggestions_skip_same_name_conflicts ... ok
test test_classify_all_summarizes_counts ... ok
test test_merge_suggestions_above_threshold ... ok

test result: ok. 10 passed; 0 failed; 0 ignored; 0 measured; 0 filtered out; finished in 0.00s

     Running tests\skills_ext_toggle_test.rs (target\debug\deps\skills_ext_toggle_test-5d2c503a3bbd5037.exe)

running 10 tests
test test_invalid_skill_name_rejected ... ok
test test_idempotent_enable_when_not_disabled ... ok
test test_idempotent_disable_does_not_duplicate ... ok
test test_toggle_enable_removes_target_rule_only ... ok
test test_missing_settings_file_is_created_fresh ... ok
test test_toggle_disable_adds_skill_rule_preserves_others ... ok
test test_empty_settings_file_handled ... ok
test test_missing_permissions_object_is_created ... ok
test test_list_disabled_returns_only_skill_rules ... ok
test test_concurrent_toggles_keep_json_valid ... ok

test result: ok. 10 passed; 0 failed; 0 ignored; 0 measured; 0 filtered out; finished in 0.11s

     Running tests\skills_ext_trash_test.rs (target\debug\deps\skills_ext_trash_test-0617ed6ba7310736.exe)

running 10 tests
test test_move_nonexistent_skill_returns_source_not_found ... ok
test test_list_handles_missing_root ... ok
test test_restore_unknown_trash_id_returns_entry_not_found ... ok
test test_restore_to_original_path ... ok
test test_purge_keeps_fresh_entries ... ok
test test_move_to_trash_and_list ... ok
test test_restore_name_collision_adds_suffix ... ok
test test_permanent_delete ... ok
test test_concurrent_move_no_panic ... ok
test test_purge_expired_after_7_days ... ok

test result: ok. 10 passed; 0 failed; 0 ignored; 0 measured; 0 filtered out; finished in 0.03s

     Running tests\skills_ext_versioning_test.rs (target\debug\deps\skills_ext_versioning_test-32f0f8b1d021a047.exe)

running 8 tests
test test_diff_lcs_basic ... ok
test test_snapshot_roundtrip ... ok
test test_dedup_same_content ... ok
test test_rollback_creates_safety_snapshot_for_unsaved_state ... ok
test test_rollback_deletes_orphan_files_not_in_snapshot ... ok
test test_rollback_restores_skill_md_and_subdir_files ... ok
test test_diff_lcs_truncates_large_input ... ok
test test_fifo_cap_50 ... ok

test result: ok. 8 passed; 0 failed; 0 ignored; 0 measured; 0 filtered out; finished in 0.33s

     Running unittests src\lib.rs (target\debug\deps\ccr_store-ae369dab20a078b4.exe)

running 84 tests
test history::tests::test_operation_type ... ok
test models::budget::tests::test_budget_config_default ... ok
test models::budget::tests::test_budget_config_has_any_limit ... ok
test models::budget::tests::test_budget_config_validation ... ok
test models::budget::tests::test_budget_period_display ... ok
test models::budget::tests::test_limit_action_display ... ok
test models::pricing::tests::test_default_pricing ... ok
test models::pricing::tests::test_clear_all ... ok
test models::pricing::tests::test_claude_defaults ... ok
test models::pricing::tests::test_merge_configs ... ok
test budget_manager::tests::test_warning_message_generation ... ok
test budget_manager::tests::test_budget_manager_creation ... ok
test cost_tracker::tests::test_cost_calculation ... ok
test models::pricing::tests::test_pricing_config_default ... ok
test models::pricing::tests::test_remove_pricing ... ok
test models::pricing::tests::test_set_and_get_pricing ... ok
test history::tests::test_history_entry ... ok
test cost_tracker::tests::test_record_and_read ... ok
test models::pricing::tests::test_model_names ... ok
test models::pricing::tests::test_validation ... ok
test cost_tracker::tests::test_generate_stats_by_provider ... ok
test pricing_manager::tests::test_pricing_manager_creation ... ok
test sessions::models::tests::gemini_resume_command_uses_antigravity_binary ... ok
test pricing_manager::tests::test_with_claude_defaults ... ok
test sessions::models::tests::test_session_event_types ... ok
test sessions::models::tests::test_session_summary_display_title ... ok
test sessions::parser::tests::benchmark_parse_files_parallel ... ignored
test sessions::parser::tests::benchmark_scan_directory_parallel ... ignored
test sessions::parser::tests::test_is_session_file ... ok
test sessions::parser::tests::test_missing_inputs_report_empty_scan_and_parse_errors ... ok
test sessions::parser::tests::test_parse_file_with_hash_dispatches_every_platform ... ok
test sessions::parser::tests::test_parse_files_parallel_counts ... ok
test sessions::parser::tests::test_parse_qwen_prefers_record_cwd ... ok
test budget_manager::tests::test_warn_threshold ... ok
test sessions::parser::tests::test_parse_simple_session ... ok
test pricing_manager::tests::test_set_and_get_pricing ... ok
test sessions::parser::tests::test_parse_qwen_falls_back_to_project_dir_name ... ok
test sessions::providers::tests::definitions_keep_eight_independent_agent_ids ... ok
test history::tests::test_history_stats ... ok
test sessions::providers::tests::isolated_registry_derives_environment_overridable_roots_from_home ... ok
test pricing_manager::tests::test_remove_pricing ... ok
test sessions::providers::tests::message_clipping_preserves_utf8_boundary ... ok
test sessions::parser::tests::test_scan_directory_recursive_counts ... ok
test pricing_manager::tests::test_default_pricing ... ok
test budget_manager::tests::test_enable_disable ... ok
test sessions::providers::tests::parent_dir_components_cannot_bypass_root_containment ... ok
test pricing_manager::tests::test_reset_to_defaults ... ok
test budget_manager::tests::test_persistence ... ok
test pricing_manager::tests::test_persistence ... ok
test pricing_manager::tests::test_import_export ... ok
test history::tests::test_history_manager ... ok
test sessions::indexer::tests::test_indexer_creation ... ok
test sessions::providers::tests::windows_verbatim_prefix_does_not_break_root_containment ... ok
test services::history_service::tests::test_history_service_filter ... ok
test services::history_service::tests::test_history_service_record_and_get ... ok
test history::tests::test_history_filter ... ok
test pricing_manager::tests::test_persistence_rewrites_existing_file ... ok
test pricing_manager::tests::test_model_names ... ok
test budget_manager::tests::test_set_limits ... ok
test history::tests::test_history_no_limit ... ok
test sessions::providers::tests::restore_rejects_parent_dir_escape_to_existing_file ... ok
test sessions::providers::tests::malformed_jsonl_is_partial_and_tool_blocks_are_structured ... ok
test sessions::providers::tests::antigravity_encrypted_source_reports_locked_or_partial_without_key ... ok
test budget_manager::tests::test_reset_limits ... ok
test sessions::providers::tests::restores_codex_live_jsonl_under_tempfile_with_windows_path_shapes ... ok
test sessions::providers::tests::unchanged_opencode_container_gate_skips_member_enumeration ... ok
test sessions::providers::tests::antigravity_sqlite_detail_uses_bounded_stable_pages_for_long_sessions ... ok
test sessions::providers::tests::antigravity_sqlite_source_reads_plaintext_messages ... ok
test sessions::providers::tests::stored_source_validation_rejects_provider_shape_tampering ... ok
test sessions::providers::tests::summary_counts_all_messages_beyond_detail_page_limit ... ok
test sessions::indexer::tests::test_index_platform_in_dir ... ok
test sessions::providers::tests::pi_and_omp_share_format_but_keep_identity ... ok
test sessions::providers::tests::opencode_storage_bundle_reads_session_message_and_part_files ... ok
test storage::session_store::tests::test_search ... ok
test storage::session_store::tests::test_upsert_and_list ... ok
test storage::database::tests::test_database_stats ... ok
test storage::session_store::tests::test_get_by_id ... ok
test storage::session_store::tests::test_upsert_sessions_updates_existing_file_path_in_batch ... ok
test sessions::providers::tests::discovers_and_pages_file_bundle_and_kimi_sources ... ok
test storage::session_store::tests::test_filter_by_platform ... ok
test storage::database::tests::test_database_init ... ok
test storage::session_store::tests::test_roundtrip_droid_platform ... ok
test sessions::providers::tests::opencode_sqlite_detail_uses_bounded_stable_pages_for_long_sessions ... ok
test sessions::providers::tests::opencode_sqlite_members_are_independent_and_read_only ... ok

test result: ok. 82 passed; 0 failed; 2 ignored; 0 measured; 0 filtered out; finished in 0.24s

     Running unittests src\lib.rs (target\debug\deps\ccr_sync-1966410282709ebc.exe)

running 68 tests
test sync::config::tests::test_debug_output_masks_password ... ok
test sync::budget::tests::enforces_file_total_depth_and_entry_limits ... ok
test sync::config::tests::test_sync_config_default ... ok
test sync::content_selector::tests::test_sync_content_type_display ... ok
test sync::envelope::tests::plaintext_v1_requires_explicit_migration ... ok
test sync::content_selector::tests::test_sync_content_selection ... ok
test sync::folder::tests::test_folder_stats ... ok
test sync::folder::tests::test_sync_folder_builder ... ok
test sync::folder::tests::test_sync_folder_validation ... ok
test sync::folder::tests::test_expand_path ... ok
test sync::folder::tests::test_sync_folder_validation_invalid_name ... ok
test sync::folder::tests::test_sync_folders_config_find_folder ... ok
test sync::folder::tests::test_sync_folder_validation_empty_name ... ok
test sync::folder::tests::test_sync_folders_config_enabled_folders ... ok
test sync::folder::tests::test_sync_folders_config_validation ... ok
test sync::folder::tests::test_sync_folders_config_duplicate_names ... ok
test sync::remote_path::tests::accepts_exactly_one_decoded_normal_component ... ok
test sync::remote_path::tests::normalizes_equivalent_href_identities_for_cycle_detection ... ok
test sync::remote_path::tests::rejects_hostile_href_corpus ... ok
test sync::service::classify_outcome_unit::dav_status_code_extracts_response_code ... ok
test sync::service::classify_outcome_unit::non_404_status_is_undetermined ... ok
test sync::service::classify_outcome_unit::dav_status_code_is_none_for_no_status_variants ... ok
test sync::service::classify_outcome_unit::ok_outcome_is_exists ... ok
test sync::service::classify_outcome_unit::parse_failure_variants_are_exists ... ok
test sync::service::classify_outcome_unit::status_404_is_absent ... ok
test sync::service::remote_exists_preservation::preservation_success_response_is_exists ... ok
test sync::service::remote_exists_preservation::prop_p3_expected_absent_iff_404 ... ok
test sync::remote_path::tests::enforces_component_length_and_containment ... ok
test sync::service::remote_exists_bug_exploration::prop_bug_condition_existence_by_status_code ... ok
test sync::content_selector::tests::test_sync_content_selector_new ... ok
test sync::service::remote_exists_preservation::prop_preservation_real_404_is_absent ... ok
test sync::content_selector::tests::test_sync_content_selection_to_paths ... ok
test sync::config::tests::test_legacy_plaintext_file_round_trip_lossless ... ok
test sync::config::tests::test_sync_config_manager_delete ... ok
test sync::config::tests::test_sync_config_manager_load_save ... ok
test sync::folder_manager::tests::test_sync_folder_manager_get_folder ... ok
test sync::folder_manager::tests::test_sync_folder_manager_load_save ... ok
test sync::service::tests::test_sync_service_creation ... ignored
test sync::service::tests::test_should_exclude ... ok
test sync::service::tests::fake_dav_oversized_get_is_rejected_without_touching_active ... ok
test sync::folder_manager::tests::test_legacy_plaintext_folders_file_round_trip_lossless ... ok
test sync::service::tests::fake_dav_depth_limit_is_rejected_without_touching_active ... ok
test sync::transport::tests::credentials_and_non_http_schemes_are_rejected ... ok
test sync::transport::tests::https_is_required_except_explicit_loopback_development_mode ... ok
test sync::folder_manager::tests::test_sync_folder_manager_add_folder ... ok
test sync::content_selector::tests::test_sync_content_type_exists ... ok
test sync::folder_manager::tests::test_sync_folder_manager_add_duplicate ... ok
test sync::service::tests::fake_dav_hostile_percent_encoded_href_is_rejected_without_touching_active ... ok
test sync::service::tests::fake_dav_duplicate_href_cycle_is_rejected_without_touching_active ... ok
test sync::service::tests::fake_dav_list_and_get_failures_leave_active_untouched ... ok
test sync::transaction::tests::pull_transaction_cleans_uncommitted_staging ... ok
test sync::service::tests::fake_dav_truncated_stream_leaves_active_untouched ... ok
test sync::folder_manager::tests::test_sync_folder_manager_remove_folder ... ok
test sync::transaction::tests::successful_commit_swaps_and_retains_backup ... ok
test sync::folder_manager::tests::test_sync_folder_manager_enable_disable ... ok
test sync::service::tests::injected_mkdir_write_and_file_sync_failures_leave_active_untouched ... ok
test sync::folder_manager::tests::test_sync_folder_manager_migration ... ok
test sync::transaction::tests::successful_directory_commit_swaps_complete_tree ... ok
test test_support::tests::test_sync_env_sets_and_restores_sync_env_vars ... ok
test sync::transaction::tests::failures_before_and_during_commit_preserve_active_bytes ... ok
test sync::envelope::tests::rejects_invalid_salt_and_unbounded_kdf_parameters_before_derivation ... ok
test sync::envelope::tests::decrypts_aes_gcm_010_fixture ... ok
test sync::envelope::tests::derives_same_key_as_argon2_053_fixture ... ok
test sync::service::tests::fake_dav_sensitive_push_contains_only_v2_envelope_bytes ... ok
test sync::envelope::tests::random_salt_and_nonce_change_ciphertext ... ok
test sync::envelope::tests::tampering_with_authenticated_metadata_fails ... ok
test sync::envelope::tests::v2_round_trip_binds_asset_metadata ... ok
test sync::envelope::tests::rejects_invalid_nonce_and_tampered_nonce_ciphertext_or_tag ... ok

test result: ok. 67 passed; 0 failed; 1 ignored; 0 measured; 0 filtered out; finished in 0.61s

     Running unittests src\lib.rs (target\debug\deps\ccr_tui-9948a4751b614923.exe)

running 246 tests
test tui::app::tests::format_issue_indents_multiline_location_values ... ok
test tui::app::tests::list_hit_test_clicks_third_item ... ok
test tui::app::tests::list_hit_test_ignores_click_outside_area ... ok
test tui::app::tests::build_grok_profile_tab_data_allows_an_empty_profile_set ... ok
test tui::app::tests::format_issue_separates_long_location_and_removes_duplicate_path ... ok
test tui::app::tests::ctrl_l_is_the_only_language_switch_key ... ok
test tui::app::tests::grok_profile_tab_has_stable_config_id_and_labels ... ok
test tui::app::tests::list_hit_test_clicks_first_item ... ok
test tui::app::tests::list_hit_test_ignores_bottom_border ... ok
test tui::app::tests::list_hit_test_ignores_top_border ... ok
test tui::app::tests::grok_auth_tab_has_stable_config_id_and_labels ... ok
test tui::app::tests::list_hit_test_zero_height_area ... ok
test tui::app::tests::list_hit_test_ignores_blank_rows_when_page_has_fewer_items_than_space ... ok
test tui::app::tests::list_hit_test_ignores_click_beyond_items ... ok
test tui::app::tests::apply_selected_without_instance_does_not_mark_success ... ok
test tui::app::tests::backtab_keycode_reverse_cycles_profile_tabs ... ok
test tui::app::tests::reorder_tabs_honors_custom_full_order ... ok
test tui::app::tests::current_page_profiles_respects_dynamic_page_size ... ok
test tui::app::tests::tab_hit_test_narrow_terminal_no_panic ... ok
test tui::app::tests::language_toggle_remains_active_when_persistence_fails ... ok
test tui::app::tests::build_profile_tab_data_includes_registry_location_for_current_profile_errors ... ok
test tui::app::tests::map_key_o_is_profile_off ... ok
test tui::app::tests::current_profile_error_accessors_expose_tab_failures ... ok
test tui::app::tests::enter_and_space_both_map_to_apply_selected ... ok
test tui::app::tests::tab_hit_test_clicks_second_tab ... ok
test tui::app::tests::auth_tab_shift_tab_is_intercepted_before_embedded_app_dispatch ... ok
test tui::app::tests::tab_hit_test_ignores_click_outside_header ... ok
test tui::app::tests::reorder_tabs_uses_default_profile_first_order ... ok
test tui::app::tests::tab_hit_test_clicks_first_tab ... ok
test tui::app::tests::map_key_x_toggles_details_expansion ... ok
test tui::app::tests::navigation_wrap_profile_select_next_stays_on_current_page ... ok
test tui::app::tests::tab_hit_test_single_tab_returns_none ... ok
test tui::app::tests::tab_hit_test_switch_from_second_to_first ... ok
test tui::app::tests::navigation_wrap_profile_select_prev_stays_on_current_page ... ok
test tui::app::tests::tab_hit_test_three_tabs ... ok
test tui::app::tests::build_profile_tab_data_includes_profile_file_location_for_load_errors ... ok
test tui::app::tests::tab_hit_test_zero_tab_width_returns_none ... ok
test tui::app::tests::default_order_selects_codex_profile_first ... ok
test tui::app::tests::revisiting_tab_restores_saved_selection ... ok
test tui::auth_refresh::tests::current_priority_stays_ahead_of_warm_tasks ... ok
test tui::app::tests::profile_page_size_growth_preserves_selected_profile_identity ... ok
test tui::app::tests::profile_tab_key_navigation_supports_forward_and_reverse_cycles ... ok
test tui::app::tests::profile_mouse_click_on_blank_row_keeps_selection ... ok
test tui::app::tests::switching_to_tab_first_time_focuses_current_profile ... ok
test tui::auth_refresh::tests::cooldown_enforces_one_second_slotting ... ok
test tui::auth_refresh::tests::duplicate_task_upgrades_priority_without_duplication ... ok
test tui::app::tests::reload_action_refreshes_usage_engine ... ok
test tui::app::tests::tabs_keep_independent_selection ... ok
test tui::claude_auth::app::tests::account_list_hit_test_ignores_blank_rows_when_page_has_fewer_items_than_space ... ok
test tui::claude_auth::app::tests::current_page_accounts_respects_dynamic_page_size ... ok
test tui::claude_auth::app::tests::should_refresh_when_cache_expired ... ok
test tui::claude_auth::app::tests::should_refresh_when_cache_missing ... ok
test tui::auth_refresh::tests::hover_task_inserts_before_existing_warm_tasks ... ok
test tui::auth_refresh::tests::in_flight_blocks_next_dispatch_until_finished ... ok
test tui::claude_auth::app::tests::switch_warning_keeps_diagnosis_failure_fallback ... ok
test tui::claude_auth::app::tests::page_size_growth_preserves_selected_account_identity ... ok
test tui::claude_auth::app::tests::skips_refresh_when_cache_is_still_hot ... ok
test tui::app::tests::toggle_details_expanded_flips_app_flag ... ok
test tui::app::tests::with_grok_auth_tab_selects_grok_auth_variant ... ok
test tui::claude_auth::ui::tests::account_table_layout_shows_email_and_expiry_on_wide_widths ... ok
test tui::claude_auth::app::tests::switch_warning_preserves_source_confidence_evidence_and_ownership ... ok
test tui::claude_auth::ui::tests::account_table_layout_hides_secondary_columns_on_narrow_widths ... ok
test tui::claude_auth::app::tests::navigation_wrap_claude_auth_stays_on_current_page ... ok
test tui::codex_auth::app::tests::account_list_hit_test_hits_first_row_of_body_area ... ok
test tui::app::tests::language_toggle_persists_without_changing_app_selection ... ok
test tui::codex_auth::app::tests::account_list_hit_test_ignores_header_row_above_body_area ... ok
test tui::codex_auth::app::tests::account_list_hit_test_ignores_rows_beyond_visible_items ... ok
test tui::claude_auth::ui::tests::draw_loading_placeholder_renders_claude_auth_title ... ok
test tui::codex_auth::app::tests::build_usage_panel_data_falls_back_to_global_runtime_when_selected_account_has_no_attribution ... ok
test tui::codex_auth::app::tests::build_usage_panel_data_prefers_attributed_records_for_selected_account ... ok
test tui::codex_auth::app::tests::account_list_hit_test_ignores_blank_rows_when_page_has_fewer_items_than_space ... ok
test tui::codex_auth::ui::tests::account_list_regions_reserve_one_row_for_header ... ok
test tui::codex_auth::app::tests::records_for_account_only_keeps_records_inside_matching_activation_window ... ok
test tui::claude_auth::ui::tests::focus_lines_show_identity_and_saved_metadata ... ok
test tui::claude_auth::ui::tests::login_status_text_handles_api_key_state ... ok
test tui::claude_auth::ui::tests::login_status_text_shows_logged_in_account_when_api_key_profile_is_active ... ok
test tui::claude_auth::ui::tests::context_lines_keep_runtime_and_snapshot_sections ... ok
test tui::claude_auth::ui::tests::draw_focus_panel_renders_selected_account_summary ... ok
test tui::claude_auth::ui::tests::footer_shortcuts_are_centered_and_use_claude_accent ... ok
test tui::codex_auth::ui::tests::account_table_layout_shows_plan_on_wide_widths ... ok
test tui::codex_auth::ui::tests::account_table_layout_hides_secondary_columns_on_narrow_widths ... ok
test tui::codex_auth::ui::tests::account_table_layout_resolves_flexible_widths_from_available_space ... ok
test tui::app::tests::with_codex_tab_selects_codex_auth_variant_after_reordering ... ok
test tui::codex_auth::app::tests::current_page_accounts_respects_dynamic_page_size ... ok
test tui::codex_auth::app::tests::navigation_wrap_codex_auth_enqueues_hover_refresh_for_wrapped_account ... ok
test tui::app::tests::with_claude_auth_tab_selects_claude_auth_variant ... ok
test tui::codex_auth::app::tests::embedded_quota_loading_matches_batch_preview_and_activation_gate ... ok
test tui::codex_auth::app::tests::preview_keys_to_refresh_reuses_fresh_cache_but_refreshes_stale_or_missing_entries ... ok
test tui::codex_auth::app::tests::on_activated_waits_one_second_before_starting_usage_and_preview_fetch ... ok
test tui::codex_auth::app::tests::selection_change_enqueues_hover_refresh_without_disrupting_inflight_policy ... ok
test tui::codex_auth::ui::tests::account_snapshot_lines_prefer_quota_plan_when_account_plan_missing ... ok
test tui::codex_auth::app::tests::navigation_wrap_codex_auth_stays_on_current_page ... ok
test tui::codex_auth::app::tests::cached_batch_preview_refresh_is_visible_without_claiming_selected_refresh ... ok
test tui::codex_auth::app::tests::page_size_growth_preserves_selected_account_identity ... ok
test tui::codex_auth::ui::tests::usage_digest_lines_include_all_time_and_top_model ... ok
test tui::footer::tests::shortcut_line_uses_accent_description_and_separator_hierarchy ... ok
test tui::grok_auth::app::tests::grok_compact_source_last_row_and_maximum_alias_cursor_stay_visible ... ok
test tui::codex_auth::ui::tests::account_snapshot_lines_show_identity_and_refresh_metadata ... ok
test tui::grok_auth::app::tests::grok_selection_is_distinct_from_local_match_and_survives_reordering ... ok
test tui::codex_auth::ui::tests::account_table_render_keeps_account_and_quota_summary_visible_in_compact_layout ... ok
test tui::grok_auth::app::tests::grok_confirm_defaults_to_cancel_and_disabled_executor_never_becomes_busy ... ok
test tui::grok_auth::app::tests::grok_disconnected_task_recovers_without_mutation_replay ... ok
test tui::grok_auth::app::tests::grok_compact_switch_and_stale_success_remain_explicit ... ok
test tui::grok_auth::app::tests::grok_save_requires_explicit_overwrite_and_navigation_cancels_input ... ok
test tui::grok_auth::app::tests::grok_success_survives_refresh_error_and_busy_rejects_quit ... ok
test tui::i18n::tests::every_message_has_non_empty_english_and_chinese_text ... ok
test tui::codex_auth::ui::tests::hourly_cell_appends_reset_in_parentheses ... ok
test tui::codex_auth::ui::tests::draw_usage_panel_keeps_quota_and_local_attribution_note ... ok
test tui::i18n::tests::language_change_message_uses_the_selected_language ... ok
test tui::pagination::tests::page_slice_respects_dynamic_page_size ... ok
test tui::codex_auth::ui::tests::draw_account_snapshot_panel_keeps_weekly_reset_visible ... ok
test tui::pagination::tests::total_pages_normalizes_zero_page_size ... ok
test tui::pagination::tests::visible_page_size_uses_content_height_with_minimum_one ... ok
test tui::i18n::tests::bilingual_macros_follow_active_language ... ok
test tui::codex_auth::ui::tests::plan_column_falls_back_to_auth_property_when_plan_missing ... ok
test tui::codex_auth::ui::tests::cached_idle_refresh_and_failure_keep_bars_and_fetch_time ... ok
test tui::profile_backend::tests::apply_warning_presentation_is_localized_and_never_success_only ... ok
test tui::codex_auth::ui::tests::weekly_cell_appends_reset_in_parentheses ... ok
test tui::codex_auth::ui::tests::plan_column_prefers_quota_plan_over_auth_property ... ok
test tui::runtime::tests::detect_defaults_to_fullscreen_when_terminal_is_normal ... ok
test tui::grok_auth::app::tests::grok_submits_once_and_collects_background_result ... ok
test tui::codex_auth::ui::tests::compact_counts_promote_rounded_units_and_columns_align_in_both_languages ... ok
test tui::runtime::tests::detect_does_not_downgrade_tmux_screen_term ... ok
test tui::codex_auth::ui::tests::long_cjk_identity_model_and_error_are_clipped_without_hiding_statistics ... ok
test tui::runtime::tests::detect_does_not_assume_screen_from_term_alone ... ok
test tui::runtime::tests::detect_uses_inline_mode_inside_screen ... ok
test tui::codex_auth::ui::tests::remaining_quota_bar_fill_colors_and_presence_share_the_value ... ok
test tui::runtime::tests::detect_rejects_non_interactive_terminal ... ok
test tui::runtime::tests::restore_terminal_inline_mode_is_safe_without_optional_features ... ok
test tui::selection::navigation_wrap::out_of_range_index_is_clamped_before_moving ... ok
test tui::selection::navigation_wrap::empty_page_stays_at_zero ... ok
test tui::runtime::tests::restore_terminal_resets_setup_state ... ok
test tui::selection::navigation_wrap::middle_items_move_one_step ... ok
test tui::runtime::tests::terminal_capability_errors_follow_the_active_language ... ok
test tui::selection::navigation_wrap::previous_wraps_first_item_to_last_item ... ok
test tui::selection::navigation_wrap::single_item_page_stays_at_zero ... ok
test tui::selection::navigation_wrap::next_wraps_last_item_to_first_item ... ok
test tui::tests::completed_action_labels_follow_the_current_language ... ok
test tui::theme::tests::background_and_text_track_active_variant ... ok
test tui::theme::tests::selected_row_style_uses_mauve_selection_tokens ... ok
test tui::theme::tests::accent_for_distinguishes_platforms ... ok
test tui::theme::tests::page_identity_accents_are_distinct ... ok
test tui::theme::tests::startup_theme_falls_back_when_detection_fails ... ok
test tui::theme::tests::panel_border_uses_accent_only_when_focused ... ok
test tui::theme::tests::quota_color_follows_active_palette_gradient ... ok
test tui::theme::tests::startup_theme_uses_persisted_value_without_auto_detection ... ok
test tui::theme::tests::startup_theme_honors_explicit_overrides_and_auto_opt_in ... ok
test tui::theme::tests::startup_theme_probes_when_persisted_theme_is_auto ... ok
test tui::theme::tests::body_text_styles_use_explicit_palette_foreground ... ok
test tui::theme::tests::tab_highlight_style_is_platform_aware_filled_chip ... ok
test tui::theme::tests::theme_variants_map_to_palettes_and_toggle ... ok
test tui::ui::tests::active_tab_title_uses_platform_filled_chip ... ok
test tui::ui::tests::codex_engine_places_reasoning_after_model_without_identity_duplication ... ok
test tui::ui::tests::claude_detail_token_line_shows_masked_key_when_configured ... ok
test tui::ui::tests::claude_detail_token_line_masks_short_key_fully ... ok
test tui::ui::tests::codex_banner_auth_value_uses_neutral_subtext_not_success ... ok
test tui::ui::tests::codex_banner_unbound_chip_uses_plain_copy_in_both_languages ... ok
test tui::ui::tests::codex_detail_token_line_is_masked_and_lives_in_routing_auth_group ... ok
test tui::ui::tests::codex_reasoning_effort_maps_known_missing_and_invalid_values ... ok
test tui::ui::tests::collapsed_summary_line_is_bilingual ... ok
test tui::ui::tests::codex_details_collapse_unset_fields_into_muted_summary ... ok
test tui::grok_auth::app::tests::grok_frames_keep_actions_and_local_evidence_across_sizes_and_languages ... ok
test tui::ui::tests::detail_activity_group_labels_switch_count_not_usage_count ... ok
test tui::ui::tests::codex_requires_openai_false_uses_neutral_muted_not_warning ... ok
test tui::ui::tests::claude_details_collapse_unset_fields_into_muted_summary ... ok
test tui::ui::tests::codex_banner_bound_chip_shows_profile_name_and_model ... ok
test tui::ui::tests::column_widths_prioritize_name_without_hiding_description_too_early ... ok
test tui::ui::tests::compact_profile_workspace_preserves_a_context_drawer ... ok
test tui::ui::tests::detail_label_width_tracks_language_and_viewport ... ok
test tui::ui::tests::detail_token_states_keep_missing_subscription_and_dash ... ok
test tui::ui::tests::detail_lines_append_usage_section_after_activity_per_platform ... ok
test tui::ui::tests::detail_token_tones_are_explicit ... ok
test tui::ui::tests::english_empty_profile_states_use_platform_specific_create_help ... ok
test tui::ui::tests::generic_details_collapse_unset_fields_into_muted_summary ... ok
test tui::ui::tests::grok_details_show_typed_fields_and_sanitize_env_key_url ... ok
test tui::theme::tests::persisted_theme_toggle_preserves_language_and_tab_order ... ok
test tui::ui::tests::grok_session_auth_uses_default_api_backend_label ... ok
test tui::ui::tests::inactive_tab_title_uses_subtext_without_fill ... ok
test tui::ui::tests::pad_text_fills_to_display_width_for_cjk ... ok
test tui::ui::tests::grok_details_collapse_unset_fields_into_muted_summary ... ok
test tui::ui::tests::footer_hints_include_unset_toggle_on_profile_tabs ... ok
test tui::ui::tests::grok_inline_auth_never_renders_plaintext_or_masked_token ... ok
test tui::codex_auth::ui::tests::attribution_notes_are_neutral_and_fallback_scope_stays_with_numbers ... ok
test tui::ui::tests::grok_reasoning_effort_maps_missing_valid_and_invalid_values ... ok
test tui::ui::tests::compact_codex_profile_draw_keeps_focus_context_and_scroll_hint_visible ... ok
test tui::ui::tests::footer_hint_mentions_reverse_tab_switching ... ok
test tui::ui::tests::profile_context_only_reserves_status_rows_for_feedback ... ok
test tui::ui::tests::profile_detail_lines_never_render_plaintext_token ... ok
test tui::ui::tests::footer_omits_profile_off_on_auth_tabs ... ok
test tui::ui::tests::footer_uses_platform_accent_for_keys ... ok
test tui::ui::tests::codex_banner_draw_drops_internal_jargon_across_viewports ... ok
test tui::ui::tests::profile_summary_fields_focus_on_identity_and_status ... ok
test tui::ui::tests::profile_list_row_shows_more_of_long_profile_names_on_wider_list_rail ... ok
test tui::ui::tests::profile_list_row_with_cjk_description_stays_within_column_budget ... ok
test tui::ui::tests::profile_details_clamp_oversized_scroll_offsets ... ok
test tui::ui::tests::profile_list_marks_current_only_with_filled_dot_and_full_legend ... ok
test tui::ui::tests::profile_summary_fields_surface_last_apply_feedback ... ok
test tui::ui::tests::profile_details_render_follows_app_expanded_flag ... ok
test tui::ui::tests::profile_summary_fields_warn_when_profile_is_disabled ... ok
test tui::ui::tests::simplified_chinese_grok_empty_profile_state_uses_create_help ... ok
test tui::ui::tests::profile_status_strip_ignores_last_apply_feedback ... ok
test tui::ui::tests::profile_list_empty_state_omits_legend ... ok
test tui::ui::tests::summary_and_detail_values_use_explicit_tones ... ok
test tui::ui::tests::truncate_and_pad_keep_ascii_behavior_unchanged ... ok
test tui::ui::tests::profile_details_wrap_long_runtime_values_instead_of_clipping_them ... ok
test tui::ui::tests::unselected_profile_row_uses_explicit_palette_foreground ... ok
test tui::ui::tests::usage_section_hit_renders_full_metric_fields ... ok
test tui::ui::tests::profile_list_panel_bottom_title_shows_full_legend ... ok
test tui::ui::tests::profile_status_strip_stays_quiet_without_apply_feedback ... ok
test tui::ui::tests::usage_section_compact_merges_metrics_into_three_lines ... ok
test tui::ui::tests::usage_section_unsupported_and_error_render_semantic_status_lines ... ok
test tui::ui::tests::usage_section_reports_no_usage_for_unmatched_provider_or_platform ... ok
test tui::ui::tests::usage_section_reports_unattributed_without_provider_label ... ok
test tui::codex_auth::app::tests::quota_failure_messages_preserve_successful_snapshot_and_recover ... ok
test tui::ui::tests::usage_section_shows_loading_before_dataset_arrives ... ok
test tui::ui::tests::viewport_mode_prefers_wide_only_when_both_dimensions_allow ... ok
test tui::ui::tests::truncate_text_limits_display_width_for_cjk_and_emoji ... ok
test tui::usage::app::tests::load_result_classifies_remaining_errors_as_error ... ok
test tui::usage::app::tests::load_result_classifies_success_and_empty ... ok
test tui::ui::tests::wide_profile_workspace_layout_favors_detail_readability ... ok
test tui::usage::app::tests::dataset_filters_rows_by_platform_tag ... ok
test tui::ui::tests::injected_loader_dataset_drives_detail_numbers_per_provider ... ok
test tui::ui::tests::wide_profile_draw_shows_shortcuts_only_in_global_footer ... ok
test tui::usage::app::tests::load_result_classifies_schema_and_feature_errors_as_unsupported ... ok
test tui::ui::tests::profile_focus_shows_last_apply_feedback_across_viewports ... ok
test tui::ui::tests::wide_profile_layout_drops_selection_panel_and_gives_list_full_rail ... ok
test tui::usage::ui::tests::cost_formatting_scales_precision_by_magnitude ... ok
test tui::usage::ui::tests::count_formatting_compacts_large_values ... ok
test tui::ui::tests::simplified_chinese_renders_across_all_viewport_modes ... ok
test tui::ui::tests::codex_reasoning_label_is_localized_and_rendered_across_viewports ... ok
test tui::usage::app::tests::injected_loader_classifies_schema_error_as_unsupported ... ok
test tui::usage::app::tests::injected_loader_reports_db_error ... ok
test tui::usage::app::tests::injected_loader_reports_empty_dataset ... ok
test tui::ui::tests::profile_list_legend_fits_all_viewport_tiers_without_clipping ... ok
test tui::ui::tests::usage_section_renders_across_viewports_for_claude_and_codex ... ok
test tui::usage::app::tests::on_activated_after_loaded_does_not_refetch ... ok
test tui::usage::app::tests::on_activated_then_tick_starts_fetch_after_delay ... ok
test tui::usage::app::tests::injected_loader_drives_state_machine_to_loaded ... ok
test tui::ui::tests::codex_auth_composed_layout_matrix_preserves_scope_quota_and_errors ... ok
mbx[progress]: 3m elapsed; 0 hits, 0 misses, 0 bypassed, 0 not looked up; ~0s compiler work saved
test tui::profile_backend::tests::apply_ancillary_contract ... ok
test tui::profile_backend::tests::apply_external_version_contract ... ok
test tui::profile_backend::tests::apply_preflight_contract ... ok
test tui::profile_backend::tests::profile_post_publish_failure_contract ... ok
test tui::profile_backend::tests::profile_deleted_after_prepare_contract ... ok
test tui::profile_backend::tests::apply_each_write_contract ... ok
test tui::profile_backend::tests::apply_success_replay_contract ... ok

test result: ok. 246 passed; 0 failed; 0 ignored; 0 measured; 0 filtered out; finished in 34.56s

     Running unittests src\lib.rs (target\debug\deps\ccr_types-1d33cf79d767f762.exe)

running 46 tests
test claude_auth::tests::test_profile_auth_mode_as_str ... ok
test claude_auth::tests::test_registry_default ... ok
test claude_auth::tests::test_login_state_serialization ... ok
test claude_auth::tests::test_runtime_summary_labels_distinguish_login_from_effective_auth ... ok
test claude_auth::tests::auth_diagnosis_serialization_contains_no_credential_values ... ok
test claude_settings::tests::test_apply_managed_env_clears_stale_keys_on_switch ... ok
test claude_settings::tests::test_clear_anthropic_vars ... ok
test claude_settings::tests::test_anthropic_env_status_reports_known_keys ... ok
test claude_auth::tests::runtime_summary_defaults_missing_diagnosis_for_compatibility ... ok
test claude_settings::tests::test_hook_handler_unknown_fields_preserved ... ok
test claude_settings::tests::test_claude_settings_unknown_fields_preserved ... ok
test claude_settings::tests::test_hooks_invalid_type_rejected ... ok
test claude_settings::tests::test_managed_env_entries_and_detection_use_explicit_registry ... ok
test claude_settings::tests::test_hook_matcher_group_unknown_fields_preserved ... ok
test claude_settings::tests::test_clear_managed_vars_drops_only_ccr_managed_keys ... ok
test claude_settings::tests::test_hooks_canonical_object_deserializes ... ok
test claude_settings::tests::test_hooks_legacy_array_is_normalized ... ok
test claude_settings::tests::test_hooks_missing_defaults_to_empty ... ok
test claude_settings::tests::test_apply_managed_env_replaces_managed_and_keeps_others ... ok
test claude_settings::tests::test_default_values ... ok
test claude_settings::tests::test_managed_key_registry_is_unique_and_contains_non_anthropic_subset ... ok
test claude_settings::tests::test_claude_settings_roundtrip ... ok
test claude_settings::tests::test_mcp_servers_camel_case_serialization ... ok
test claude_settings::tests::test_output_style_alias_deserialization ... ok
test claude_settings::tests::test_roundtrip_preserves_rich_and_unknown_fields_across_apply ... ok
test claude_settings::tests::test_output_style_duplicate_keys_rejected ... ok
test claude_settings::tests::test_mcp_server_unknown_fields_preserved ... ok
test claude_settings::tests::test_skip_serializing_if_empty ... ok
test claude_settings::tests::test_roundtrip_normalizes_legacy_hooks_to_canonical ... ok
test claude_settings::tests::test_slash_command_unknown_fields_preserved ... ok
test claude_settings::tests::test_slash_commands_camel_case_serialization ... ok
test claude_settings::tests::test_validate_api_key_mode_rejects_bad_base_url ... ok
test claude_settings::tests::test_validate_full_api_key_mode_passes ... ok
test claude_settings::tests::test_validate_rejects_partial_overrides ... ok
test claude_settings::tests::test_validate_subscription_mode_allows_no_overrides ... ok
test codex_auth::tests::test_login_state_deserialization ... ok
test codex_auth::tests::test_login_state_serialization ... ok
test codex_auth::tests::test_login_state_unknown_deserialization_preserves_raw ... ok
test codex_auth::tests::test_login_state_unknown_serialization_passthrough ... ok
test model_rate_catalog::tests::applies_long_context_tiers_per_record ... ok
test model_rate_catalog::tests::marks_unknown_models_as_unpriced ... ok
test model_rate_catalog::tests::calculates_current_official_prices ... ok
test model_rate_catalog::tests::prices_claude_fable_and_mythos_aliases_without_substring_matches ... ok
test model_rate_catalog::tests::returns_normalized_official_override_for_aliases ... ok
test monitoring::tests::monitoring_entry_builder_sets_defaults ... ok
test monitoring::tests::monitoring_level_parses_aliases ... ok

test result: ok. 46 passed; 0 failed; 0 ignored; 0 measured; 0 filtered out; finished in 0.00s

     Running unittests src\lib.rs (target\debug\deps\ccr_usage-cc25f7143c9ebeb2.exe)

running 65 tests
test capabilities::tests::provider_breakdown_requires_schema_14 ... ok
test capabilities::tests::provider_breakdown_requires_provider_label_columns ... ok
test db::tests::antigravity_filter_uses_legacy_storage_key_before_schema_13 ... ok
test db::tests::cursor_round_trip_preserves_order_keys ... ok
test capabilities::tests::non_provider_features_keep_min_supported_schema ... ok
test db::tests::alias_prefix_propagates_to_every_column_reference ... ok
test db::tests::build_filter_rejects_invalid_dates ... ok
test db::tests::dst_transition_days_emit_23_and_25_hour_half_open_bounds ... ok
test db::tests::empty_filter_emits_no_where_clause ... ok
test capabilities::tests::required_logs_columns_include_raw_join_keys ... ok
test db::tests::project_hash_propagates_to_both_bucket_and_event_filters ... ok
test capabilities::tests::provider_breakdown_capability_requires_schema_14 ... ok
test db::tests::since_until_use_dst_aware_utc_half_open_bounds ... ok
test capabilities::tests::schema_gate_rejects_old_schema ... ok
test db::tests::source_only_filter_uses_single_clause_with_canonical_value ... ok
test db::tests::half_open_ranges_use_upstream_time_indexes ... ok
test db::tests::utc_dates_emit_midnight_z_bounds ... ok
test capabilities::tests::provider_breakdown_reports_missing_provider_label_column ... ok
test capabilities::tests::insights_capability_reports_missing_bucket_column ... ok
test insights::tests::insights_busiest_day_ties_resolve_to_the_earlier_day ... ok
test insights::tests::insights_current_streak_counts_from_previous_day_when_as_of_is_idle ... ok
test insights::tests::insights_empty_rows_yield_zero_snapshot ... ok
test insights::tests::insights_fixed_offset_zones_shift_local_day_and_hour ... ok
test insights::tests::insights_future_rows_count_in_totals_but_no_bucket ... ok
test insights::tests::insights_iana_zone_uses_historical_offsets_for_hours ... ok
test insights::tests::insights_longest_streak_scans_full_history ... ok
test capabilities::tests::db_capabilities_mark_missing_db_for_all_db_backed_features ... ok
test insights::tests::insights_seven_day_windows_split_at_as_of_minus_seven ... ok
test insights::tests::insights_trend_and_daily_keep_only_the_53_week_window ... ok
test insights::tests::insights_trend_orders_sources_by_window_total ... ok
test insights::tests::insights_weeks_start_on_monday_and_index_53_buckets ... ok
test insights::tests::insights_window_bounds_follow_the_report_zone ... ok
test paths::tests::default_discovery_uses_llmusage_root_not_legacy_ccr_root ... ok
test queries::tests::provider_row_sums_output_and_cache_tokens ... ok
test queries::tests::serializes_daily_trend_reasoning_without_changing_output_contract ... ok
test source::tests::antigravity_storage_key_tracks_schema_13_cutover ... ok
test source::tests::serde_accepts_all_canonical_source_ids ... ok
test source::tests::source_filter_accepts_ccr_aliases ... ok
test paths::tests::discovers_llmusage_home_override ... ok
test timezone::tests::local_bounds_use_historical_dst_offsets ... ok
test timezone::tests::spring_forward_and_fall_back_instants_keep_the_local_date ... ok
test timezone::tests::unknown_local_iana_zone_is_an_explicit_error ... ok
test timezone::tests::sqlite_function_groups_using_real_iana_offsets ... ok
test capabilities::tests::db_capabilities_mark_schema_read_failure_as_unreadable ... ok
test db::tests::provider_breakdown_rejects_schema_below_14 ... ok
test db::tests::source_breakdown_respects_date_range_and_ignores_source_filter ... ok
test db::tests::provider_breakdown_rejects_missing_provider_label_column ... ok
test db::tests::logs_paginate_with_cursor_and_expose_total ... ok
test db::tests::trends_daily_keeps_output_compatible_and_exposes_reasoning ... ok
test db::tests::dashboard_sections_reuse_the_open_connection_capability_snapshot ... ok
test db::tests::provider_filter_can_match_unattributed_rows ... ok
test db::tests::provider_breakdown_respects_source_filter ... ok
test db::tests::provider_breakdown_sums_to_source_totals_and_marks_unattributed ... ok
test db::tests::home_overview_aggregates_platform_totals_and_series ... ok
test db::tests::provider_filter_narrows_overview_model_and_source_totals ... ok
test db::tests::provider_breakdown_by_source_tags_rows_per_platform ... ok
test db::tests::diagnostics_aggregate_file_states_by_source ... ok
test db::tests::antigravity_filter_reads_both_sides_of_schema_13_cutover ... ok
test insights::tests::dashboard::insights_dashboard_merges_gemini_into_antigravity ... ok
test insights::tests::dashboard::insights_dashboard_project_total_matches_ranking_and_skips_empty_keys ... ok
test insights::tests::dashboard::insights_dashboard_canonicalizes_stored_aliases_and_keeps_unknown_labels ... ok
test fixtures::tests::fixture_schema_supports_every_db_backed_feature_and_overview_query ... ok
test fixtures::tests::fixture_supports_logs_join_and_diagnostics_queries ... ok
test insights::tests::dashboard::insights_dashboard_emits_a_trend_series_for_every_source ... ok
test fixtures::tests::schema_18_19_and_future_20_keep_compatible_projection_support ... ok

test result: ok. 65 passed; 0 failed; 0 ignored; 0 measured; 9 filtered out; finished in 0.53s

   Doc-tests ccr

running 9 tests
test crates\ccr\src\lib.rs - (line 341) - compile ... ok
test crates\ccr\src\lib.rs - (line 109) - compile ... ok
test crates\ccr\src\lib.rs - PlatformStatus (line 341) - compile ... ok
test crates\ccr\src\lib.rs - (line 122) - compile ... ok
test crates\ccr\src\lib.rs - PlatformInfo (line 341) - compile ... ok
test crates\ccr\src\lib.rs - PlatformRegistry (line 341) - compile ... ok
test crates\ccr\src\lib.rs - create_platform (line 341) - compile ... ok
test crates\ccr\src\lib.rs - (line 59) - compile ... ok
test crates\ccr\src\lib.rs - PlatformDetector (line 341) - compile ... ok

test result: ok. 9 passed; 0 failed; 0 ignored; 0 measured; 0 filtered out; finished in 0.00s


running 1 test
test crates\ccr\src\lib.rs - (line 38) - compile fail ... ok

test result: ok. 1 passed; 0 failed; 0 ignored; 0 measured; 0 filtered out; finished in 0.40s

all doctests ran in 3.22s; merged doctests compilation took 2.78s
   Doc-tests ccr_checkin

running 0 tests

test result: ok. 0 passed; 0 failed; 0 ignored; 0 measured; 0 filtered out; finished in 0.00s

   Doc-tests ccr_cli

running 2 tests
test crates\ccr-cli\src\managers\settings.rs - managers::settings::CachedSettingsManager (line 582) ... ignored
test crates\ccr-cli\src\platforms\mod.rs - platforms::create_platform (line 41) - compile ... ok

test result: ok. 1 passed; 0 failed; 1 ignored; 0 measured; 0 filtered out; finished in 0.00s

all doctests ran in 1.94s; merged doctests compilation took 1.74s
   Doc-tests ccr_codex

running 0 tests

test result: ok. 0 passed; 0 failed; 0 ignored; 0 measured; 0 filtered out; finished in 0.00s

   Doc-tests ccr_config

running 1 test
test crates\ccr-config\src\models\platform.rs - models::platform::PlatformConfig (line 533) ... ignored

test result: ok. 0 passed; 0 failed; 1 ignored; 0 measured; 0 filtered out; finished in 0.00s

all doctests ran in 0.43s; merged doctests compilation took 0.31s
   Doc-tests ccr_core

running 12 tests
test crates\ccr-core\src\core\atomic_writer.rs - core::atomic_writer::AtomicWriter (line 34) ... ignored
test crates\ccr-core\src\core\cache.rs - core::cache::ConfigCache (line 19) ... ignored
test crates\ccr-core\src\core\file_manager.rs - core::file_manager::FileManager (line 16) ... ignored
test crates\ccr-core\src\core\lock.rs - core::lock::CONFIG_LOCK (line 48) ... ignored
test crates\ccr-core\src\core\lock.rs - core::lock::LockManager::lock_resource (line 256) ... ignored
test crates\ccr-core\src\utils\auto_complete.rs - utils::auto_complete::AutoCompletable (line 26) ... ignored
test crates\ccr-core\src\core\fileio.rs - core::fileio::read_toml (line 27) - compile ... ok
test crates\ccr-core\src\utils\mask.rs - utils::mask::mask_if_sensitive (line 40) - compile ... ok
test crates\ccr-core\src\utils\mask.rs - utils::mask::mask_sensitive (line 14) - compile ... ok
test crates\ccr-core\src\utils\validation.rs - utils::validation::Validatable (line 13) - compile ... ok
test crates\ccr-core\src\core\fileio.rs - core::fileio::write_toml (line 75) - compile ... ok
test crates\ccr-core\src\core\secret.rs - core::secret::Secret (line 25) ... ok

test result: ok. 6 passed; 0 failed; 6 ignored; 0 measured; 0 filtered out; finished in 0.01s

all doctests ran in 1.24s; merged doctests compilation took 1.01s
   Doc-tests ccr_db

running 0 tests

test result: ok. 0 passed; 0 failed; 0 ignored; 0 measured; 0 filtered out; finished in 0.00s

   Doc-tests ccr_skills

running 0 tests

test result: ok. 0 passed; 0 failed; 0 ignored; 0 measured; 0 filtered out; finished in 0.00s

   Doc-tests ccr_store

running 3 tests
test crates\ccr-store\src\cost_tracker.rs - cost_tracker::CostTracker::infer_files_for_range (line 195) ... ignored
test crates\ccr-store\src\storage\mod.rs - storage (line 12) ... ignored
test crates\ccr-store\src\sessions\mod.rs - sessions (line 13) - compile ... ok

test result: ok. 1 passed; 0 failed; 2 ignored; 0 measured; 0 filtered out; finished in 0.00s

all doctests ran in 1.09s; merged doctests compilation took 0.88s
   Doc-tests ccr_sync

running 4 tests
test crates\ccr-sync\src\sync\folder.rs - sync::folder::SyncFolder (line 21) - compile ... ok
test crates\ccr-sync\src\sync\folder.rs - sync::folder::expand_path (line 484) - compile ... ok
test crates\ccr-sync\src\sync\folder_manager.rs - sync::folder_manager::SyncFolderManager (line 33) - compile ... ok
test crates\ccr-sync\src\sync\folder_manager.rs - sync::folder_manager::SyncFolderManager::migrate_from_legacy (line 411) - compile ... ok

test result: ok. 4 passed; 0 failed; 0 ignored; 0 measured; 0 filtered out; finished in 0.00s

all doctests ran in 1.16s; merged doctests compilation took 0.96s
   Doc-tests ccr_tui

running 0 tests

test result: ok. 0 passed; 0 failed; 0 ignored; 0 measured; 0 filtered out; finished in 0.00s

   Doc-tests ccr_types

running 0 tests

test result: ok. 0 passed; 0 failed; 0 ignored; 0 measured; 0 filtered out; finished in 0.00s

   Doc-tests ccr_usage

running 0 tests

test result: ok. 0 passed; 0 failed; 0 ignored; 0 measured; 0 filtered out; finished in 0.00s

mbx[cache]: 0 hits, 0 misses, 13 bypassed; 0 B downloaded, 0 B uploaded, 0 B stored locally
mbx[savings]: 2089 compilations dispensed from stock. inventory immaculate.
✅ 所有测试通过
  Test ................ 03:52.666  OK

━━━ Release Build ━━━
━━━━━━━━━━━━━━━━━━━━━━━━━━━━━━━━━━━━━━━━━━━━━━━
⚡ 开始发布构建
━━━━━━━━━━━━━━━━━━━━━━━━━━━━━━━━━━━━━━━━━━━━━━━
📌 模式: Release (LTO优化 + 符号剥离)
      Timing report saved to D:\Documents\Code\Github\ccr\target\cargo-timings\cargo-timing-20260930T032210596Z-f1a04b2b52b9cb6a.html
    Finished `release` profile [optimized] target(s) in 1.09s

  ⏱️  cargo build --release    00:01.386
  📈 cargo timings  target/cargo-timings/cargo-timing.html

✅ 构建完成 → target/release/ccr
  Release Build ....... 00:04.170  OK

━━━ Security Audit ━━━
━━━━━━━━━━━━━━━━━━━━━━━━━━━━━━━━━━━━━━━━━━━━━━━
🔒 运行安全审计
━━━━━━━━━━━━━━━━━━━━━━━━━━━━━━━━━━━━━━━━━━━━━━━
cargo audit --file Cargo.lock
    Fetching advisory database from `https://github.com/RustSec/advisory-db.git`
      Loaded 1277 security advisories (from C:\Users\lyh\.cargo\advisory-db)
    Updating crates.io index
    Scanning Cargo.lock for vulnerabilities (491 crate dependencies)
cargo audit --file ccr-ui/src-tauri/Cargo.lock
    Fetching advisory database from `https://github.com/RustSec/advisory-db.git`
      Loaded 1277 security advisories (from C:\Users\lyh\.cargo\advisory-db)
    Updating crates.io index
    Scanning ccr-ui/src-tauri/Cargo.lock for vulnerabilities (678 crate dependencies)
Crate:     fxhash
Version:   0.2.1
Warning:   unmaintained
Title:     fxhash - no longer maintained
Date:      2025-09-05
ID:        RUSTSEC-2025-0057
URL:       https://rustsec.org/advisories/RUSTSEC-2025-0057

Crate:     proc-macro-error
Version:   1.0.4
Warning:   unmaintained
Title:     proc-macro-error is unmaintained
Date:      2024-09-01
ID:        RUSTSEC-2024-0370
URL:       https://rustsec.org/advisories/RUSTSEC-2024-0370

Crate:     unic-char-property
Version:   0.9.0
Warning:   unmaintained
Title:     `unic-char-property` is unmaintained
Date:      2025-10-18
ID:        RUSTSEC-2025-0081
URL:       https://rustsec.org/advisories/RUSTSEC-2025-0081

Crate:     unic-char-range
Version:   0.9.0
Warning:   unmaintained
Title:     `unic-char-range` is unmaintained
Date:      2025-10-18
ID:        RUSTSEC-2025-0075
URL:       https://rustsec.org/advisories/RUSTSEC-2025-0075

Crate:     unic-common
Version:   0.9.0
Warning:   unmaintained
Title:     `unic-common` is unmaintained
Date:      2025-10-18
ID:        RUSTSEC-2025-0080
URL:       https://rustsec.org/advisories/RUSTSEC-2025-0080

Crate:     unic-ucd-ident
Version:   0.9.0
Warning:   unmaintained
Title:     `unic-ucd-ident` is unmaintained
Date:      2025-10-18
ID:        RUSTSEC-2025-0100
URL:       https://rustsec.org/advisories/RUSTSEC-2025-0100

Crate:     unic-ucd-version
Version:   0.9.0
Warning:   unmaintained
Title:     `unic-ucd-version` is unmaintained
Date:      2025-10-18
ID:        RUSTSEC-2025-0098
URL:       https://rustsec.org/advisories/RUSTSEC-2025-0098

Crate:     glib
Version:   0.18.5
Warning:   unsound
Title:     Unsoundness in `Iterator` and `DoubleEndedIterator` impls for `glib::VariantStrIter`
Date:      2024-03-30
ID:        RUSTSEC-2024-0429
URL:       https://rustsec.org/advisories/RUSTSEC-2024-0429

Crate:     rand
Version:   0.7.3
Warning:   unsound
Title:     Rand is unsound with a custom logger using `rand::rng()`
Date:      2026-04-09
ID:        RUSTSEC-2026-0097
URL:       https://rustsec.org/advisories/RUSTSEC-2026-0097

warning: 9 allowed warnings found
✅ 安全审计步骤完成
  Security Audit ...... 00:10.150  OK

━━━ CI Governance ━━━
................................................
----------------------------------------------------------------------
Ran 48 tests in 25.083s

OK
CI governance check passed (47 immutable action references)
Serial-only test annotations: 0 (target: 0)
......
----------------------------------------------------------------------
Ran 6 tests in 0.014s

OK
Repeated dependencies checked: 19
Active exceptions: 1
  - toml root=1.1.4 tauri=0.9.8
root/Tauri dependency and MSRV governance check passed
warning: linker stdout: 正在创建库 D:/Documents/Code/Github/ccr/ccr-ui/src-tauri/target\debug\deps\ccr_tauri_command_macros-271ea576f0e047ce.dll.lib 和对象 D:/Documents/Code/Github/ccr/ccr-ui/src-tauri/target\debug\deps\ccr_tauri_command_macros-271ea576f0e047ce.dll.exp
  |
  = note: `#[warn(linker_messages)]` on by default

warning: `ccr-tauri-command-macros` (lib) generated 1 warning
    Finished `test` profile [unoptimized + debuginfo] target(s) in 1.10s
     Running unittests src\main.rs (ccr-ui\src-tauri\target\debug\deps\ccr_desktop-5aabd7cb81fe19ae.exe)

running 1 test
test commands::handler_registry::tests::command_inventory_document_matches_registry ... ok

test result: ok. 1 passed; 0 failed; 0 ignored; 0 measured; 604 filtered out; finished in 0.02s

     Running tests\llmusage_no_crate_guard.rs (ccr-ui\src-tauri\target\debug\deps\llmusage_no_crate_guard-e3ffec19be904b78.exe)

running 0 tests

test result: ok. 0 passed; 0 failed; 0 ignored; 0 measured; 2 filtered out; finished in 0.00s

mbx[savings]: 37.9 GiB logical of build debris has left the building.
  CI Governance ....... 00:28.667  OK

━━━ Tauri CI ━━━
......
----------------------------------------------------------------------
Ran 6 tests in 0.014s

OK
Repeated dependencies checked: 19
Active exceptions: 1
  - toml root=1.1.4 tauri=0.9.8
root/Tauri dependency and MSRV governance check passed
cargo fmt --manifest-path ccr-ui/src-tauri/Cargo.toml -- --check
cargo --config .cargo/tauri-ci.toml check --manifest-path ccr-ui/src-tauri/Cargo.toml --bin ccr-desktop
warning: linker stdout: 正在创建库 D:/Documents/Code/Github/ccr/ccr-ui/src-tauri/target\debug\deps\ccr_tauri_command_macros-271ea576f0e047ce.dll.lib 和对象 D:/Documents/Code/Github/ccr/ccr-ui/src-tauri/target\debug\deps\ccr_tauri_command_macros-271ea576f0e047ce.dll.exp
  |
  = note: `#[warn(linker_messages)]` on by default

warning: `ccr-tauri-command-macros` (lib) generated 1 warning
    Checking ccr-desktop v7.4.0 (D:\Documents\Code\Github\ccr\ccr-ui\src-tauri)
mbx[progress]: 15s elapsed; 0 hits, 0 misses, 0 bypassed, 0 not looked up; ~0s compiler work saved
    Finished `dev` profile [unoptimized + debuginfo] target(s) in 21.23s
mbx[cache]: 0 hits, 1 misses; 0 B downloaded, 0 B uploaded, 41.8 KiB stored locally
mbx[savings]: has quietly disposed of 37.9 GiB logical of build leftovers. nobody saw anything.
cargo --config .cargo/tauri-ci.toml clippy --manifest-path ccr-ui/src-tauri/Cargo.toml --bin ccr-desktop -- -D warnings
warning: linker stdout: 正在创建库 D:\Documents\Code\Github\ccr\ccr-ui\src-tauri\target\debug\deps\ccr_tauri_command_macros-fab4b9c61e81a630.dll.lib 和对象 D:\Documents\Code\Github\ccr\ccr-ui\src-tauri\target\debug\deps\ccr_tauri_command_macros-fab4b9c61e81a630.dll.exp
  |
  = note: `#[warn(linker_messages)]` on by default
  = note: the `linker_messages` lint ignores `-D warnings`

warning: `ccr-tauri-command-macros` (lib) generated 1 warning
    Finished `dev` profile [unoptimized + debuginfo] target(s) in 1.01s
mbx[savings]: 2089 compilations. rustc did each once; mbx did the rest of the showing up.
cargo --config .cargo/tauri-ci.toml test --manifest-path ccr-ui/src-tauri/Cargo.toml --all-features -- --skip export_bindings
warning: linker stdout: 正在创建库 D:/Documents/Code/Github/ccr/ccr-ui/src-tauri/target\debug\deps\ccr_tauri_command_macros-271ea576f0e047ce.dll.lib 和对象 D:/Documents/Code/Github/ccr/ccr-ui/src-tauri/target\debug\deps\ccr_tauri_command_macros-271ea576f0e047ce.dll.exp
  |
  = note: `#[warn(linker_messages)]` on by default

warning: `ccr-tauri-command-macros` (lib) generated 1 warning
   Compiling ccr-desktop v7.4.0 (D:\Documents\Code\Github\ccr\ccr-ui\src-tauri)
mbx[progress]: 15s elapsed; 0 hits, 0 misses, 2 bypassed, 0 not looked up; ~0s compiler work saved
mbx[progress]: 30s elapsed; 0 hits, 0 misses, 2 bypassed, 0 not looked up; ~0s compiler work saved
mbx[progress]: 45s elapsed; 0 hits, 0 misses, 2 bypassed, 0 not looked up; ~0s compiler work saved
mbx[progress]: 1m elapsed; 0 hits, 0 misses, 2 bypassed, 0 not looked up; ~0s compiler work saved
    Finished `test` profile [unoptimized + debuginfo] target(s) in 1m 01s
     Running unittests src\main.rs (ccr-ui\src-tauri\target\debug\deps\ccr_desktop-b39d7852fe3b2591.exe)

running 408 tests
test bridge::tests::note_bridge_io_failure_increments ... ok
test bridge::tests::reentrant_consumer_does_not_enqueue ... ok
test claude_observer::jsonl::tests::invalid_json_returns_empty ... ok
test checkin_jobs::tests::already_checked_in_is_not_counted_as_failure ... ok
test commands::checkin::tests::job_failure_preserves_crypto_error_code ... ok
test bridge::tests::runtime_entry_maps_error_and_warn ... ok
test checkin_jobs::tests::apply_result_counts_skipped_separately_and_propagates_skip_reason ... ok
test claude_observer::pricing::tests::parses_embedded_catalog ... ok
test claude_observer::pricing::tests::date_suffixed_resolves_via_prefix ... ok
test claude_observer::pricing::tests::exact_match_cost ... ok
test claude_observer::jsonl::tests::missing_session_id_returns_empty ... ok
test claude_observer::jsonl::tests::ignores_summary_and_meta_lines ... ok
test claude_observer::jsonl::tests::falls_back_to_project_hint_when_cwd_missing ... ok
test claude_observer::jsonl::tests::assistant_line_emits_tool_use_events ... ok
test claude_observer::jsonl::tests::user_line_emits_tool_result_events ... ok
test claude_observer::scanner::tests::build_rows_pairs_tool_use_and_result ... ok
test commands::checkin::tests::job_failure_preserves_waf_blocked_error_code ... ok
test commands::claude::auth::tests::auth_account_item_preserves_rfc3339_wire_dates ... ok
test claude_observer::pricing::tests::unknown_model_returns_none ... ok
test commands::claude::auth::tests::runtime_summary_omits_absent_optional_fields ... ok
test commands::claude::auth::tests::runtime_summary_preserves_secret_free_auth_diagnosis_metadata ... ok
test commands::claude::tests::merge_settings_patch_replaces_env_and_preserves_unknown_fields ... ok
test commands::claude::tests::read_claude_settings_from_env_surfaces_non_missing_errors ... ok
test commands::claude::tests::read_claude_settings_from_env_returns_empty_object_when_missing ... ok
test commands::claude::environment_tests::settings_empty_registry_only_preserves_unbound_local_fallback ... ok
test commands::claude::environment_tests::settings_expected_environment_mismatch_rejects_read_and_update_before_io ... ok
test commands::claude::tests::read_claude_settings_from_env_reads_top_level_env ... ok
test commands::claude::tests::patch_profile_with_config_clears_platform_data_when_extra_is_null ... ok
test commands::claude::tests::patch_profile_with_config_prefers_platform_data_over_extra ... ok
test commands::claude::environment_tests::settings_expected_environment_read_keeps_its_admitted_target ... ok
test commands::claude::tests::claude_update_settings_accepts_official_grouped_hooks ... ok
test commands::claude::environment_tests::settings_update_remains_on_captured_environment_after_switch ... ok
test commands::claude::tests::typed_save_roundtrips_unknown_top_level_fields ... ok
test commands::claude::environment_tests::settings_expected_environment_update_keeps_original_arc_after_a_b_a_replacement ... ok
test commands::claude::profiles::export_tests::claude_export_profiles_reads_raw_toml_and_filename ... ok
test claude_observer::subscription::tests::negative_monthly_falls_back_to_default ... ok
test commands::claude_mcp_config::tests::custom_config_dir_moves_only_the_user_state_path ... ok
test claude_observer::scanner::tests::ingest_single_file_writes_rows_and_state ... ok
test commands::codex::agent_sources::tests::github_repo_parser_accepts_basic_repo_url ... ok
test commands::codex::agent_sources::tests::evaluate_install_status_marks_conflict_when_both_changed ... ok
test commands::codex::agent_sources::tests::github_repo_parser_strips_tree_suffix ... ok
test commands::codex::agent_sources::tests::infer_category_prefers_categories_segment ... ok
test commands::codex::agents::tests::merge_structured_config_preserves_unknown_fields ... ok
test commands::codex::agents::tests::merge_structured_config_preserves_existing_skills_config_when_omitted ... ok
test commands::codex::agents::tests::resolve_global_context_defaults_to_codex_home ... ok
test commands::codex::agents::tests::raw_toml_can_be_overridden_by_structured_name ... ok
test commands::codex::auth::oauth::tests::bind_race_and_save_failure_never_publish_active_login ... ok
test commands::codex::auth::oauth::tests::cleanup_retry_has_one_owner_without_blocking_control_locks ... ok
test commands::codex::auth::oauth::tests::expired_restore_creates_fresh_id_and_cleanup_failure_is_visible ... ok
test commands::claude::profiles::export_tests::claude_export_profiles_reports_missing_file ... ok
test commands::codex::auth::oauth::tests::recovered_callback_must_match_state_before_listener_publication ... ok
test commands::codex::auth::oauth::tests::commit_rejects_cancellation_and_retains_admission_until_completion ... ok
test commands::codex::auth::oauth::tests::restore_waiting_for_admission_does_not_resurrect_cancelled_pending ... ok
test commands::claude::profiles::export_tests::claude_export_profiles_rejects_redacted_mode ... ok
test commands::codex::auth::oauth::tests::slow_http_body_is_cancelled_and_server_observes_closed_connection ... ok
test commands::codex::auth::oauth::tests::stale_cleanup_retry_cannot_clear_a_replacement_login ... ok
test claude_observer::subscription::tests::defaults_on_empty_db ... ok
test commands::codex::auth::oauth::tests::start_owns_listener_and_storage_before_return_and_reuses_live_id ... ok
test claude_observer::subscription::tests::set_then_get_roundtrip ... ok
test commands::codex::auth::oauth::tests::cancel_exchange_keeps_admission_until_cleanup_finishes ... ok
test commands::codex::auth::oauth::tests::successful_completion_is_unique_and_does_not_expose_sentinels ... ok
test commands::codex::auth::oauth::tests::wrong_id_state_origin_and_duplicate_callback_leave_owner_unchanged ... ok
test commands::codex::auth::tests::port_discovery_parsers_deduplicate_listener_pids ... ok
test commands::codex::auth::tests::port_release_report_is_noop_when_no_owned_process_matches ... ok
test commands::codex::auth::tests::port_release_report_never_claims_unknown_processes ... ok
test commands::codex::auth::oauth::tests::oauth_start_reuses_live_id_before_waiting_for_same_module_admission ... ok
test commands::codex::auth::oauth::tests::token_endpoint_error_and_invalid_body_never_return_secret_content ... ok
test commands::codex::profiles::export_tests::codex_export_profiles_reads_raw_toml_and_filename ... ok
test commands::codex::profiles::export_tests::codex_export_profiles_rejects_redacted_mode ... ok
test commands::codex::profiles::export_tests::codex_export_profiles_reports_missing_file ... ok
test commands::codex::auth::oauth::tests::silent_socket_times_out_and_releases_listener_without_success ... ok
test commands::codex::auth::oauth::tests::slow_http_body_and_silent_accepted_socket_share_the_login_deadline ... ok
mbx[progress]: 1m 15s elapsed; 0 hits, 0 misses, 2 bypassed, 0 not looked up; ~0s compiler work saved
mbx[progress]: 1m 30s elapsed; 0 hits, 0 misses, 2 bypassed, 0 not looked up; ~0s compiler work saved
test commands::claude::profiles::application_rename_contract::profile_rename_each_write_contract ... ok
test commands::codex::settings::tests::model_only_update_preserves_notifications_and_untouched_fields_on_disk ... ok
test commands::codex::tests::apply_codex_settings_update_accepts_boolean_tui_notifications ... ok
test commands::codex::tests::apply_codex_settings_update_clears_nested_fields_with_nulls ... ok
test commands::codex::tests::apply_codex_settings_update_patches_nested_fields ... ok
test commands::codex::tests::apply_codex_settings_update_preserves_tui_notifications_event_array ... ok
test commands::codex::tests::codex_config_write_preserves_deepseek_flatten_fields ... ok
test commands::claude::environment_tests::settings_matching_local_environment_keeps_atomic_settings_manager ... ok
test commands::codex::tests::codex_model_catalog_keeps_target_presets_and_legacy_custom_models_distinct ... ok
test commands::codex::tests::parse_mcp_server_accepts_legacy_disabled_alias_and_merge_keeps_unknown_fields ... ok
test commands::codex::tests::parse_mcp_server_supports_official_fields_and_preserves_unknown_fields ... ok
test commands::codex::tests::patch_profile_with_config_accepts_deepseek_platform_fields ... ok
test commands::codex::tests::patch_profile_with_config_clears_platform_data_when_extra_is_empty_object ... ok
test commands::codex::tests::patch_profile_with_config_clears_platform_data_when_extra_is_null ... ok
test commands::codex::tests::patch_profile_with_config_prefers_platform_data_over_extra ... ok
test commands::codex::tests::patch_profile_with_config_removes_missing_platform_data_keys ... ok
test commands::claude_mcp_config::tests::claude_mcp_add_creates_missing_mcp_servers_object ... ok
test commands::codex::tests::read_codex_config_accepts_tui_notifications_event_array ... ok
test commands::codex::tray::tests::tray_snapshot_only_attaches_quota_to_current_account ... ok
test commands::codex::tray::tests::tray_snapshot_skips_quota_lookup_for_profile_only_mode ... ok
test commands::command_exec::tests::cleanup_failure_never_claims_cancelled_status ... ok
test commands::command_exec::tests::command_catalog_marks_execution_boundaries_with_metadata ... ok
test commands::command_exec::tests::command_job_capacity_keeps_active_snapshots ... ok
test commands::command_exec::tests::command_job_capacity_prunes_oldest_terminal_snapshots_first ... ok
test commands::command_exec::tests::command_job_snapshot_caps_output_lines_per_channel ... ok
test commands::command_exec::tests::command_job_snapshot_caps_single_line_bytes ... ok
test commands::command_exec::tests::command_job_snapshot_serializes_required_status_values ... ok
test commands::command_exec::tests::command_job_ttl_prunes_only_terminal_jobs ... ok
test commands::claude_mcp_config::tests::claude_mcp_add_normalizes_http_transport_without_empty_command ... ok
test commands::command_exec::tests::command_policy_accepts_short_aliases_declared_in_catalog ... ok
test commands::command_exec::tests::command_policy_allows_safe_command_with_declared_flag ... ok
test commands::command_exec::tests::command_policy_rejects_destructive_passthrough_commands_even_with_confirmation ... ok
test commands::command_exec::tests::command_policy_rejects_destructive_passthrough_for_background_jobs ... ok
test commands::command_exec::tests::command_policy_rejects_extra_positional_args ... ok
test commands::command_exec::tests::command_policy_rejects_unknown_flag_before_process_spawn ... ok
test commands::command_exec::tests::command_policy_rejects_value_flags_without_values ... ok
test commands::claude_mcp_config::tests::claude_mcp_cas_fails_after_three_external_changes ... ok
test commands::command_exec::tests::parse_ccr_version_output_extracts_semver_token ... ok
test commands::command_exec::tests::split_output_lines_preserves_channel_text_without_blank_noise ... ok
test commands::command_exec::tests::foreground_barrier_does_not_block_existing_command_owner_controls ... ok
test commands::command_exec::tests::terminal_snapshot_keeps_non_zero_exit_as_failed_with_output ... ok
test commands::command_exec::tests::command_owner_receives_cancel_before_cleanup_and_keeps_start_admission ... ok
test commands::command_exec::tests::validate_command_rejects_non_whitelisted_command ... ok
test commands::claude_mcp_config::tests::claude_mcp_cas_replays_after_one_external_change ... ok
test commands::command_exec::tests::stalled_output_consumer_stays_bounded_and_reports_drops ... ok
test commands::command_exec::tests::unterminated_output_line_is_bounded_and_reported ... ok
test commands::claude_mcp_config::tests::claude_mcp_concurrent_mutations_preserve_both_fields ... ok
test commands::config::contract_tests::config_subprocess ... ignored, isolated child process for the repository concurrency fixture
test commands::claude_mcp_config::tests::claude_mcp_env_patch_merges_instead_of_replacing_existing_keys ... ok
test commands::claude_mcp_config::tests::claude_mcp_empty_update_patch_does_not_clear_existing_config ... ok
test commands::claude_mcp_config::tests::claude_mcp_local_mutation_preserves_other_project_state ... ok
test commands::claude_mcp_config::tests::claude_mcp_masked_env_is_not_written_back_over_real_secret ... ok
test commands::claude_mcp_config::tests::claude_mcp_reports_project_approval_states ... ok
test commands::claude_mcp_config::tests::claude_mcp_lists_user_local_project_and_marks_precedence_with_windows_key ... ok
test commands::config::tests::destructive_confirmation_requires_action_scoped_token ... ok
test commands::config::tests::resolve_managed_restore_path_accepts_config_backup_filename_only ... ok
test commands::config::tests::resolve_managed_restore_path_rejects_non_current_config_backup_names ... ok
test commands::config::tests::resolve_managed_restore_path_rejects_path_traversal_and_absolute_paths ... ok
test commands::config::tests::restore_config_from_backup_path_accepts_ccr_config_shape ... ok
test commands::config::tests::restore_config_from_backup_path_rejects_invalid_toml_before_write ... ok
test commands::config::tests::restore_config_from_backup_path_rejects_missing_file ... ok
test commands::grok::tests::credential_actions_cover_preserve_replace_and_clear ... ok
test commands::grok::tests::delete_state_machine_blocks_or_forces_only_the_target_activation ... ok
test commands::grok::tests::every_grok_command_applies_the_local_only_gate_before_work ... ok
test commands::grok::tests::ipc_f64_context_window_is_accepted_as_positive_integer ... ok
test commands::grok::tests::profile_dto_never_serializes_credentials_or_unsafe_url_parts ... ok
test commands::grok::tests::profile_kind_follows_runtime_shape_instead_of_provider_label ... ok
test commands::grok::tests::profile_patch_preserves_absent_fields_and_supports_null_and_credentials ... ok
test commands::grok::tests::raw_save_rejects_invalid_or_stale_content_without_backup ... ok
test commands::grok::tests::rename_state_machine_preserves_recoverable_partial_states_without_error_details ... ok
test commands::claude_mcp_config::tests::claude_mcp_toggle_update_preserves_command_args_and_env ... ok
test commands::claude_mcp_config::tests::claude_mcp_update_can_switch_from_stdio_to_http ... ok
test commands::claude_mcp_config::tests::claude_mcp_user_mutations_preserve_unrelated_state_fields ... ok
test commands::claude::tests::local_settings_update_replays_concurrent_cli_mutation ... ok
test commands::codex::auth::tests::oauth_pending_adapter_preserves_legacy_root_when_data_dir_differs ... ok
test commands::codex::auth::tests::oauth_pending_storage_failure_preserves_memory_and_redacts_output ... ok
test commands::grok::tests::settings_patch_validates_whitelist_and_value_domains ... ok
test commands::handler_registry::tests::command_capability_descriptors_are_complete_and_unique ... ok
test commands::handler_registry::tests::command_capability_policy_covers_security_boundaries ... ok
test commands::handler_registry::tests::command_inventory_document_matches_registry ... ok
test commands::handler_registry::tests::command_registry_modules_are_well_formed ... ok
test commands::handler_registry::tests::command_registry_paths_are_unique ... ok
test commands::handler_registry::tests::command_registry_shape_matches_current_handler_surface ... ok
test commands::handler_registry::tests::confirmation_policy_rejects_missing_or_forged_payload_proof ... ok
test commands::handler_registry::tests::generated_claude_auth_client_covers_the_typed_registry_module ... ok
test commands::handler_registry::tests::generated_claude_client_covers_core_and_profile_modules ... ok
test commands::handler_registry::tests::generated_codex_auth_client_covers_typed_auth_and_provider_modules ... ok
test commands::handler_registry::tests::generated_codex_client_covers_the_typed_registry_module ... ok
test commands::handler_registry::tests::generated_command_exec_client_covers_the_typed_registry_module ... ok
test commands::handler_registry::tests::generated_config_client_covers_the_typed_registry_module ... ok
test commands::handler_registry::tests::generated_small_domain_clients_cover_their_typed_registry_modules ... ok
test commands::handler_registry::tests::generated_ssh_client_covers_the_typed_registry_module ... ok
test commands::handler_registry::tests::generated_sync_client_covers_the_typed_registry_module ... ok
test commands::handler_registry::tests::generated_tauri_acl_scopes_application_commands_by_window ... ok
test commands::handler_registry::tests::lifecycle_matrix_preserves_each_commands_security_and_execution_resource ... ok
test commands::handler_registry::tests::opaque_install_capability_requires_a_non_empty_plan_handle ... ok
test commands::handler_registry::tests::opaque_ssh_confirmation_requires_a_backend_challenge ... ok
test commands::handler_registry::tests::tray_panel_permission_set_excludes_unrelated_privileged_commands ... ok
test commands::opencode::tests::agent_upsert_preserves_unknown_frontmatter_and_filename ... ok
test commands::opencode::tests::config_dir_uses_xdg_layout ... ok
test commands::opencode::tests::merge_json_objects_preserves_unrelated_keys ... ok
test commands::opencode::tests::parse_markdown_frontmatter_round_trip ... ok
test commands::opencode::tests::plugin_scan_only_includes_script_files ... ok
mbx[progress]: 1m 45s elapsed; 0 hits, 0 misses, 2 bypassed, 0 not looked up; ~0s compiler work saved
mbx[progress]: 2m elapsed; 0 hits, 0 misses, 2 bypassed, 0 not looked up; ~0s compiler work saved
test commands::codex::profiles::application_rename_contract::profile_rename_each_write_contract has been running for over 60 seconds
test commands::codex::profiles::update_tests::codex_update_profile_rejects_blank_target_name has been running for over 60 seconds
test commands::codex::profiles::update_tests::codex_update_profile_rename_migrates_profile_secret_and_current_profile has been running for over 60 seconds
test commands::codex::profiles::update_tests::codex_update_profile_rename_rejects_conflicting_target_without_writing_partial_state has been running for over 60 seconds
test commands::codex::profiles::update_tests::codex_update_profile_same_target_name_updates_in_place has been running for over 60 seconds
test commands::codex::profiles::application_rename_contract::profile_rename_each_write_contract ... ok
test commands::codex::profiles::update_tests::codex_update_profile_rejects_blank_target_name ... ok
test commands::codex::profiles::update_tests::codex_update_profile_rename_migrates_profile_secret_and_current_profile ... ok
test commands::codex::profiles::update_tests::codex_update_profile_rename_rejects_conflicting_target_without_writing_partial_state ... ok
test commands::codex::profiles::update_tests::codex_update_profile_same_target_name_updates_in_place ... ok
test commands::codex::tests::codex_list_profiles_reads_only_ccr_profiles_source ... ok
test commands::codex::tests::profile_to_json_projects_deepseek_fields_without_duplicating_extra ... ok
test commands::profile_lifecycle::tests::profiles_raw_get_reports_verbatim_content_and_token ... ok
test commands::config::contract_tests::active_rename_uses_application_and_preserves_runtime ... ok
test commands::profile_lifecycle::tests::profiles_raw_rejects_syntax_semantic_and_empty_content_without_leaks ... ok
test commands::config::contract_tests::actual_handlers_crud_preserve_typed_fields_and_confirmation ... ok
test commands::profile_lifecycle::tests::target_name_defaults_to_current_name ... ok
test commands::profile_lifecycle::tests::target_name_rejects_blank_values ... ok
test commands::config::contract_tests::actual_handlers_protect_registry_fallback_active_profile ... ok
test commands::runtime_policy::tests::background_permit_transfer_is_single_use_and_preserves_shared_process_exclusion ... ok
test commands::runtime_policy::tests::control_matrix_command_and_install_delivery ... ok
test commands::runtime_policy::tests::control_matrix_oauth_delivery ... ok
test commands::runtime_policy::tests::control_matrix_usage_delivery ... ok
test commands::runtime_policy::tests::foreground_install_plan_does_not_block_existing_attempt_owner ... ok
test commands::runtime_policy::tests::cooperative_deadline_cancels_the_command_future ... ok
test commands::runtime_policy::tests::install_owner_cancel_and_recent_reach_attempt_before_cleanup ... ok
test commands::runtime_policy::tests::risk_classes_choose_explicit_timeout_ownership ... ok
test commands::runtime_policy::tests::transfer_survives_wrapper_abort_and_early_error_releases_untransferred_permit ... ok
test commands::runtime_policy::tests::usage_owner_controls_reach_existing_job_during_each_foreground_import ... ok
test commands::settings_raw::tests::claude_invalid_json_is_rejected_without_leaking_content ... ok
test commands::runtime_policy::tests::module_permit_is_held_until_the_command_future_completes ... ok
test commands::settings_raw::tests::claude_semantic_error_includes_position_without_leaking_content ... ok
test commands::settings_raw::tests::codex_semantic_error_is_rejected_without_leaking_content ... ok
test commands::settings_raw::tests::get_raw_file_reports_missing_target ... ok
test commands::settings_raw::tests::raw_save_creates_missing_file_and_backs_up_existing_file ... ok
test commands::settings_raw::tests::raw_save_rejects_stale_token_and_preserves_external_change ... ok
test commands::shell::tests::exact_display_name_match_is_required ... ok
test commands::shell::tests::normalize_windows_display_icon_path_strips_resource_suffix ... ok
test commands::shell::tests::trim_wrapped_quotes_removes_outer_quotes ... ok
test commands::shell::tests::windows_candidate_paths_cover_local_and_program_files_roots ... ok
test commands::ssh::tests::failed_active_target_falls_back_to_local ... ok
test commands::ssh::tests::failed_inactive_target_does_not_replace_active_environment ... ok
test commands::sync::tests::add_sync_folder_uses_platforms_segment_for_default_config_folder ... ok
test commands::sync::tests::asset_remote_exists_state_maps_three_states ... ok
test commands::sync::tests::asset_remote_path_uses_base_and_canonical_segments ... ok
test commands::sync::tests::ccr_asset_path_honors_environment_root_when_set ... ok
test commands::sync::tests::directory_remote_path_empty_falls_back_to_root ... ok
test commands::sync::tests::directory_remote_path_normalizes_directory_targets_with_trailing_slash ... ok
test commands::sync::tests::existing_incomplete_canonical_config_never_falls_back_to_legacy ... ok
test commands::sync::tests::find_case_insensitive_child_matches_markdown_variants ... ok
test commands::sync::tests::legacy_webdav_is_migrated_once_into_canonical_config ... ok
test commands::sync::tests::load_webdav_config_uses_legacy_default_base_for_unconfigured_folder_defaults ... ok
test commands::sync::tests::sensitive_assets_require_non_empty_operation_passphrase ... ok
test commands::sync::tests::set_webdav_config_rejects_non_loopback_http_before_persistence ... ok
test commands::sync::tests::set_webdav_config_writes_only_canonical_folder_config ... ok
test commands::sync::tests::sync_asset_direction_labels_distinguish_push_pull_and_sync ... ok
test commands::sync::tests::sync_asset_manifest_contains_expected_ids ... ok
test commands::sync::tests::sync_asset_truth_table_is_exhaustive_for_force_and_presence ... ok
test commands::sync::tests::update_sync_folder_upserts_enabled_paths_and_description ... ok
test commands::system::monitoring_query_tests::monitoring_matches_query_accepts_empty_query ... ok
test commands::system::monitoring_query_tests::monitoring_matches_query_filters_level_and_channel ... ok
test commands::system::tests::build_cli_probe_targets_prefers_windows_cmd_wrapper_for_extensionless_shim ... ok
test commands::system::tests::build_cli_probe_targets_uses_detected_paths_and_marks_missing_tools ... ok
test commands::config::contract_tests::actual_handlers_switch_and_enable_commit_runtime_and_policy ... ok
test commands::system::tests::get_system_info_exposes_home_dashboard_metrics ... ok
test commands::system::tests::normalize_cli_tool_rejects_unknown_tool ... ok
test commands::system::tests::single_cli_probe_returns_requested_platform ... ok
test commands::system_prompts::tests::create_and_save_use_version_tokens_and_backup ... ok
test commands::system_prompts::tests::list_reports_missing_file_and_sorted_claude_rules ... ok
test commands::system_prompts::tests::oversized_content_warns_without_leaking_probe ... ok
test commands::system_prompts::tests::registry_resolves_all_supported_home_paths ... ok
test commands::system_prompts::tests::stale_save_and_duplicate_create_preserve_existing_content ... ok
test commands::unified_mcp::tests::codex_toml_write_preserves_deepseek_fields ... ok
test commands::wire::tests::fractional_and_negative_f64_keep_expected_json_shape ... ok
test commands::wire::tests::whole_f64_round_trips_as_integer_json_number ... ok
test desktop_shell::tests::close_to_tray_beats_exit_confirmation ... ok
test desktop_shell::tests::force_exit_allows_close_immediately ... ok
test desktop_shell::tests::manual_tray_panel_position_clamps_back_into_work_area ... ok
test desktop_shell::tests::manual_tray_panel_position_is_preserved_inside_work_area ... ok
test desktop_shell::tests::tray_panel_clamps_size_to_small_work_area ... ok
test desktop_shell::tests::tray_panel_fallback_clamps_to_zero_when_anchor_near_top ... ok
test desktop_shell::tests::tray_panel_falls_back_above_anchor_when_work_area_missing ... ok
test desktop_shell::tests::tray_panel_prefers_above_bottom_taskbar ... ok
test desktop_shell::tests::tray_panel_stays_below_top_taskbar_work_area ... ok
test llmusage_adapter::capabilities::tests::capability_report_merges_db_and_cli_features ... ok
test llmusage_adapter::cli::lifecycle_tests::blocked_event_callback_remains_cancellable ... ok
test llmusage_adapter::cli::lifecycle_tests::cleanup_error_and_hung_reap_override_cancelled ... ok
test llmusage_adapter::cli::lifecycle_tests::cleanup_error_overrides_timeout_and_protocol_failure ... ok
test llmusage_adapter::cli::lifecycle_tests::externally_held_stderr_has_bounded_join_and_cleanup_error ... ok
test llmusage_adapter::cli::lifecycle_tests::finished_event_waits_for_child_exit_and_stderr ... ok
test llmusage_adapter::cli::lifecycle_tests::missing_stderr_still_requires_tree_cleanup ... ok
test llmusage_adapter::cli::lifecycle_tests::native_windows_running_cancel_reaps_the_child ... ok
test llmusage_adapter::cli::lifecycle_tests::native_windows_silent_child_times_out_and_is_reaped ... ok
test llmusage_adapter::cli::lifecycle_tests::production_sync_deadline_remains_one_hour ... ok
test llmusage_adapter::cli::lifecycle_tests::silent_process_obeys_descriptor_deadline ... ok
test llmusage_adapter::cli::lifecycle_tests::stderr_retains_at_most_sixty_four_capped_lines ... ok
test llmusage_adapter::cli::lifecycle_tests::stdout_eof_does_not_disable_deadline_while_child_lives ... ok
test llmusage_adapter::cli::lifecycle_tests::stdout_flood_without_eof_fails_at_one_mebibyte ... ok
test llmusage_adapter::cli::lifecycle_tests::successful_exit_returns_summary_after_readers_finish ... ok
test llmusage_adapter::cli::lifecycle_tests::wire_cancel_event_returns_cancelled_only_after_cleanup ... ok
test llmusage_adapter::cli::tests::cancel_token_aborts_stdout_consumer ... ok
test llmusage_adapter::cli::tests::oversized_unterminated_stdout_line_fails_bounded ... ok
test llmusage_adapter::cli::tests::stderr_flood_does_not_block_stdout_consumption ... ok
test llmusage_adapter::cli::tests::sync_options_append_provider_map_argument ... ok
test llmusage_adapter::cli::tests::sync_options_defaults_to_all_sources_without_rebuild ... ok
test llmusage_adapter::db::tests::shared_usage_error_maps_every_variant ... ok
test llmusage_adapter::db::tests::wrapper_propagates_schema_gate_as_adapter_error ... ok
test llmusage_adapter::events::tests::noise_between_legal_events_does_not_break_stream ... ok
test llmusage_adapter::events::tests::parses_current_pricing_and_accounting_lifecycle_events ... ok
test llmusage_adapter::events::tests::parses_source_finished_with_optional_absent_flag ... ok
test llmusage_adapter::events::tests::parses_zcode_and_deepseek_harness_source_events ... ok
test llmusage_adapter::events::tests::rejects_brace_started_but_malformed_json ... ok
test llmusage_adapter::events::tests::skips_ansi_colored_tracing_line_mixed_into_stdout ... ok
test llmusage_adapter::events::tests::skips_plain_text_log_line_without_braces ... ok
test llmusage_adapter::queries::tests::maps_overview_to_existing_usage_summary_contract ... ok
test llmusage_adapter::queries::tests::project_path_falls_back_to_display_safe_fields ... ok
test log_sanitize::tests::sanitize_frontend_log_redacts_secret_fields_and_text ... ok
test log_sanitize::tests::sanitize_frontend_log_truncates_message_and_oversize_fields ... ok
test log_sanitize::tests::sanitize_replaces_stale_timestamp ... ok
test log_sanitize::tests::take_frontend_log_batch_keeps_first_32 ... ok
test monitoring::tests::checkin_job_entry_marks_failed_finished_job_as_warn ... ok
test monitoring::tests::event_to_monitoring_entry_maps_domain_events ... ok
test monitoring::tests::frontend_log_entry_defaults_source_and_maps_event_type ... ok
test monitoring::tests::should_persist_warn_and_whitelisted_events ... ok
test platform::config_path::tests::empty_defaults_to_settings_json ... ok
test platform::config_path::tests::normalizes_separators_and_dot_segments ... ok
test platform::config_path::tests::rejects_absolute_or_unc_paths ... ok
test platform::config_path::tests::rejects_control_characters ... ok
test platform::config_path::tests::rejects_parent_traversal ... ok
test commands::config::contract_tests::desktop_and_service_processes_preserve_independent_changes ... ok
test commands::config::contract_tests::direct_mutation_waits_for_application_lock_and_rechecks_activation ... ok
test platform::ssh::tests::rename_failure_runs_cleanup_after_upload ... ok
test platform::ssh::tests::upload_failure_runs_cleanup_without_rename ... ok
test platform::wsl::tests::copy_dir_recursive_copies_nested_files_and_overwrites ... ok
test platform::wsl::tests::decode_wsl_output_preserves_utf8_and_utf16le_paths ... ok
test process::gateway::tests::descriptor_catalog_is_closed_and_resolves_expected_tools ... ok
test process::gateway::tests::development_sidecar_and_hash_validation_are_deterministic ... ok
test process::gateway::tests::foreground_output_flood_is_capped_and_terminated ... ok
test process::gateway::tests::foreground_stdin_is_written_and_streams_are_collected ... ok
test process::gateway::tests::foreground_timeout_terminates_and_reaps_process ... ok
test process::gateway::tests::oauth_url_policy_accepts_authorize_and_fixed_loopback_callback ... ok
test process::gateway::tests::oauth_url_policy_rejects_unsafe_schemes_and_host_confusion ... ok
test process::gateway::tests::owned_process_registry_filters_ports_and_requests_cancellation ... ok
test process::gateway::tests::release_sidecar_resolution_requires_hash_and_never_falls_back_to_path ... ok
test process::gateway::tests::sidecar_hash_mismatch_is_rejected ... ok
test services::agent_sessions::tests::all_eight_agents_map_to_store_ids ... ok
test services::agent_sessions::tests::cursor_round_trip_and_limit_validation ... ok
test services::agent_sessions::tests::default_list_excludes_legacy_non_target_platform_rows ... ok
test services::agent_sessions::tests::detail_fidelity_never_overstates_an_archived_degradation ... ok
test services::agent_sessions::tests::get_detail_maps_escaped_path_to_validation_failed ... ok
test services::agent_sessions::tests::get_detail_maps_missing_jsonl_to_source_unavailable ... ok
test services::agent_sessions::tests::get_detail_maps_wrong_extension_to_validation_failed ... ok
test services::agent_sessions::tests::refresh_upserts_live_jsonl_and_marks_deleted_archive_missing ... ok
test services::agent_sessions::tests::unchanged_refresh_skips_parse_and_upsert_work ... ok
test services::claude_observer::service_tests::cache_stats_aggregates_tokens ... ok
test services::claude_observer::service_tests::cost_breakdown_sorts_limits_and_rejects_unknown_dim ... ok
test services::claude_observer::service_tests::daily_trend_filters_platform_and_maps_fields ... ok
test commands::config::contract_tests::enable_stage_failure_and_replay_contract ... ok
test commands::config::contract_tests::legacy_and_unsupported_platform_requests_never_write ... ok
test services::claude_observer::service_tests::insight_assembles_dual_sources_and_roi_branches ... ok
test commands::config::contract_tests::patch_retains_secret_unknown_fields_inactive_marker_and_checks_version ... ok
test commands::config::contract_tests::strict_patch_rejects_unknown_wrong_types_missing_collision_without_write ... ok
test services::claude_observer::service_tests::tool_heatmap_and_top_tools_read_tool_calls ... ok
test services::claude_observer::service_tests::top_sessions_orders_by_cost_or_calls ... ok
test services::home_insights::tests::home_insights_last_7_days_sessions_include_as_of_day ... ok
test commands::grok::tests::rename_updates_real_inactive_and_active_profile_state ... ok
test commands::grok::tests::settings_and_raw_saves_preserve_the_configured_backup_inventory ... ok
test commands::grok::tests::settings_patch_preserves_unknown_tables_and_writes_no_backup ... ok
test services::home_insights::tests::home_insights_maps_session_platforms_and_keeps_unknown_rows ... ok
test services::home_insights::tests::home_insights_merges_usage_and_session_rows_for_one_unmapped_key ... ok
test services::home_insights::tests::home_insights_reports_unindexed_sessions_honestly ... ok
test commands::grok::tests::settings_patch_rechecks_managed_lock_after_concurrent_apply ... ok
test commands::grok::tests::settings_patch_retries_after_concurrent_write_and_preserves_external_keys ... ok
test commands::grok::tests::settings_patch_returns_conflict_after_three_attempts ... ok
test services::home_insights::tests::home_insights_surfaces_missing_llmusage_db_as_error ... ok
test services::home_insights::tests::home_insights_response_cache_value_round_trips ... ok
test services::usage::service_tests::compute_dashboard_assembles_seeded_stats_without_heatmap ... ok
test services::usage::service_tests::usage_by_model_maps_breakdown_ordering_and_costs ... ok
test services::usage::service_tests::usage_by_model_preserves_llmusage_static_v1_fable_mythos_rows ... ok
test services::usage::service_tests::usage_by_project_prefers_ref_and_excludes_empty_hash ... ok
test services::usage::tests::detect_home_empty_reason_distinguishes_usage_and_sessions ... ok
test services::usage::tests::home_date_range_is_inclusive_for_requested_days ... ok
test services::usage::tests::import_summary_detects_no_importable_logs ... ok
test services::usage::tests::import_summary_marks_partial_and_failures ... ok
test services::usage::tests::normalize_home_platform_supports_common_aliases ... ok
test services::usage::tests::source_import_result_keeps_real_opencode_errors_actionable ... ok
test services::usage::tests::source_import_result_maps_llmusage_stats_to_ccr_contract ... ok
test services::usage::tests::source_import_result_treats_missing_opencode_db_as_optional_absent_source ... ok
test services::usage::tests::usage_freshness_classifies_missing_fresh_and_stale_sources ... ok
test services::usage::tests::usage_logs_mode_defaults_to_cursor ... ok
test services::usage::tests::usage_logs_query_supports_camel_case_aliases ... ok
test services::usage::tests::usage_readiness_prioritizes_syncing_then_actions ... ok
test services::usage::tests::usage_snapshot_projection_serializes_stable_drilldown_contract ... ok
test services::usage::tests::usage_source_health_promotes_missing_and_degraded_state ... ok
test services::usage::tests::window_usage_needs_refresh_when_sync_predates_empty_window ... ok
test ssh::security::tests::challenge_is_single_use_and_expiry_is_stable ... ok
test ssh::security::tests::host_key_state_has_new_match_and_mismatch_outcomes ... ok
test services::usage::service_tests::usage_heatmap_zero_fills_requested_window_and_maps_dates ... ok
test ssh::security::tests::mismatch_is_a_distinct_blocking_security_failure ... ok
test ssh::security::tests::openssh_commands_always_use_the_app_trust_store ... ok
test ssh::security::tests::posix_encoder_handles_single_quotes ... ok
test ssh::security::tests::rejects_hostile_remote_home_corpus ... ok
test ssh::security::tests::remote_path_property_is_deterministic_and_non_interpolating ... ok
test ssh::security::tests::sftp_write_is_staged_and_uses_no_remote_shell ... ok
test ssh::security::tests::validates_host_user_identity_and_option_boundaries ... ok
test state::tests::desktop_shell_preferences_defaults_when_file_is_missing ... ok
test state::tests::desktop_shell_preferences_load_legacy_files_with_default_tray_panel_state ... ok
test services::usage::service_tests::usage_by_provider_aggregates_and_maps_unattributed_to_none ... ok
test tests::close_action_hides_main_window_to_tray_when_enabled ... ok
test tests::close_action_requests_quit_when_close_to_tray_and_confirm_are_disabled ... ok
test usage_jobs::lifecycle_tests::all_terminal_results_reject_duplicate_cancel_progress_and_completion ... ok
test usage_jobs::lifecycle_tests::cancel_before_runner_start_prevents_spawn_and_keeps_admission ... ok
test usage_jobs::lifecycle_tests::cancelled_result_rejects_late_failure ... ok
test usage_jobs::lifecycle_tests::failed_result_rejects_cancel_and_late_progress ... ok
test usage_jobs::lifecycle_tests::running_cancel_keeps_token_and_reports_cleanup_failure ... ok
test state::tests::desktop_shell_preferences_round_trip_via_json_file ... ok
test services::usage::service_tests::compute_dashboard_includes_heatmap_with_seeded_dates_when_requested ... ok
test ssh::security::tests::known_hosts_update_replaces_only_the_target ... ok
test services::usage::service_tests::usage_logs_honors_cursor_pagination_total_and_page_size_clamp ... ok
test services::usage::service_tests::compute_home_overview_joins_usage_series_and_marks_warm_bootstrap ... ok
test services::usage::service_tests::usage_summary_aggregates_seeds_and_applies_platform_filter ... ok
test services::usage::service_tests::usage_trends_groups_by_day_and_respects_date_range ... ok
test services::usage::service_tests::compute_home_overview_marks_stale_empty_window_as_needs_import ... ok
test services::usage::service_tests::compute_home_overview_on_empty_stores_reports_cold_bootstrap ... ok
test services::usage::service_tests::usage_dashboard_response_cache_value_round_trips ... ok
test commands::profile_lifecycle::application_contract::profile_ancillary_contract has been running for over 60 seconds
test commands::profile_lifecycle::application_contract::profile_ancillary_contract ... ok
test commands::profile_lifecycle::application_contract::profile_deleted_after_prepare_contract ... ok
test commands::profile_lifecycle::application_contract::profile_each_write_contract ... ok
test commands::profile_lifecycle::application_contract::profile_external_version_contract ... ok
test commands::profile_lifecycle::application_contract::profile_post_publish_failure_contract ... ok
test commands::profile_lifecycle::application_contract::profile_preflight_contract ... ok
test commands::profile_lifecycle::application_contract::profile_success_replay_contract ... ok
test commands::profile_lifecycle::tests::profiles_raw_rejects_stale_token_without_backup ... ok
test commands::profile_lifecycle::tests::profiles_raw_requires_force_when_current_profile_disappears ... ok
test commands::settings_raw::tests::claude_raw_settings_use_shared_path_priority ... ok
test commands::system::tests::cli_versions_fast_mode_returns_expected_shape ... ok
test platform::local::tests::claude_config_dir_controls_local_config_reads_and_writes ... ok
test platform::local::tests::grok_home_controls_config_path_without_plaintext_backups ... ok

test result: ok. 407 passed; 0 failed; 1 ignored; 0 measured; 197 filtered out; finished in 107.94s

     Running tests\llmusage_no_crate_guard.rs (ccr-ui\src-tauri\target\debug\deps\llmusage_no_crate_guard-66d7e009ad993702.exe)

running 2 tests
test ccr_ui_tauri_does_not_depend_on_llmusage_crate ... ok
test ccr_ui_tauri_source_does_not_import_llmusage_crate ... ok

test result: ok. 2 passed; 0 failed; 0 ignored; 0 measured; 0 filtered out; finished in 0.01s

mbx[cache]: 0 hits, 0 misses, 2 bypassed; 0 B downloaded, 0 B uploaded, 0 B stored locally
mbx[savings]: 2089 cache hits and counting. rustc thinks it has been busy.
just tauri-bindings-check
just --justfile ccr-ui/justfile bindings-check
    Finished `test` profile [unoptimized + debuginfo] target(s) in 0.63s
     Running unittests src\lib.rs (D:\Documents\Code\Github\ccr\target\debug\deps\ccr_cli-aeee7fcf23a4353b.exe)

running 24 tests
test application::profile_lifecycle::export_bindings_profileoutcome ... ok
test application::profile_lifecycle::export_bindings_profilestatus ... ok
test application::profile_lifecycle::export_bindings_profilewarning ... ok
test services::install_types::export_bindings_absentreason ... ok
test services::install_types::export_bindings_attemptid ... ok
test services::install_types::export_bindings_cancelresult ... ok
test services::install_types::export_bindings_datarootwarning ... ok
test services::install_types::export_bindings_detectionresult ... ok
test services::install_types::export_bindings_durationclass ... ok
test services::install_types::export_bindings_failurekind ... ok
test services::install_types::export_bindings_hostcapabilities ... ok
test services::install_types::export_bindings_installactionkind ... ok
test services::install_types::export_bindings_installevent ... ok
test services::install_types::export_bindings_installplanview ... ok
test services::install_types::export_bindings_logstream ... ok
test services::install_types::export_bindings_manualcatalog ... ok
test services::install_types::export_bindings_manualcommand ... ok
test services::install_types::export_bindings_packagemanager ... ok
test services::install_types::export_bindings_planid ... ok
test services::install_types::export_bindings_planoutcome ... ok
test services::install_types::export_bindings_platform ... ok
test services::install_types::export_bindings_progressstage ... ok
test services::install_types::export_bindings_ringbuffersnapshot ... ok
test services::install_types::export_bindings_unsupportedreason ... ok

test result: ok. 24 passed; 0 failed; 0 ignored; 0 measured; 345 filtered out; finished in 0.11s

     Running tests\dispatch_routing.rs (D:\Documents\Code\Github\ccr\target\debug\deps\dispatch_routing-8e292b5c9a50d14e.exe)

running 0 tests

test result: ok. 0 passed; 0 failed; 0 ignored; 0 measured; 12 filtered out; finished in 0.00s

    Finished `test` profile [unoptimized + debuginfo] target(s) in 0.23s
     Running unittests src\lib.rs (D:\Documents\Code\Github\ccr\target\debug\deps\ccr_usage-69bebf9ee6936530.exe)

running 9 tests
test capabilities::export_bindings_featurecapability ... ok
test capabilities::export_bindings_unsupportedreason ... ok
test insights::export_bindings_insightsday ... ok
test insights::export_bindings_insightstally ... ok
test insights::export_bindings_insightstrendseries ... ok
test queries::export_bindings_dailytrenddto ... ok
test queries::export_bindings_providerbreakdowndto ... ok
test queries::export_bindings_sourcebreakdowndto ... ok
test queries::export_bindings_usagerecorddto ... ok

test result: ok. 9 passed; 0 failed; 0 ignored; 0 measured; 58 filtered out; finished in 0.04s

warning: linker stdout: 正在创建库 D:/Documents/Code/Github/ccr/ccr-ui/src-tauri/target\debug\deps\ccr_tauri_command_macros-271ea576f0e047ce.dll.lib 和对象 D:/Documents/Code/Github/ccr/ccr-ui/src-tauri/target\debug\deps\ccr_tauri_command_macros-271ea576f0e047ce.dll.exp
  |
  = note: `#[warn(linker_messages)]` on by default

warning: `ccr-tauri-command-macros` (lib) generated 1 warning
   Compiling ccr-desktop v7.4.0 (D:\Documents\Code\Github\ccr\ccr-ui\src-tauri)
mbx[progress]: 15s elapsed; 0 hits, 0 misses, 1 bypassed, 0 not looked up; ~0s compiler work saved
mbx[progress]: 30s elapsed; 0 hits, 0 misses, 1 bypassed, 0 not looked up; ~0s compiler work saved
mbx[progress]: 45s elapsed; 0 hits, 0 misses, 1 bypassed, 0 not looked up; ~0s compiler work saved
    Finished `test` profile [unoptimized + debuginfo] target(s) in 52.67s
     Running unittests src\main.rs (src-tauri\target\debug\deps\ccr_desktop-5aabd7cb81fe19ae.exe)

running 197 tests
test claude_observer::subscription::export_bindings_subscriptiondto ... ok
test commands::builtin_prompts::export_bindings_builtinpromptdto ... ok
test commands::builtin_prompts::export_bindings_promptvariabledto ... ok
test commands::claude::auth::export_bindings_claudeauthaccountitem ... ok
test commands::claude::auth::export_bindings_claudeauthactionresponse ... ok
test commands::claude::auth::export_bindings_claudeauthconfidence ... ok
test commands::claude::auth::export_bindings_claudeauthcurrentinfo ... ok
test commands::claude::auth::export_bindings_claudeauthcurrentresponse ... ok
test commands::claude::auth::export_bindings_claudeauthdiagnosis ... ok
test commands::claude::auth::export_bindings_claudeauthevidence ... ok
test commands::claude::auth::export_bindings_claudeauthlistresponse ... ok
test commands::claude::auth::export_bindings_claudeauthoffresponse ... ok
test commands::claude::auth::export_bindings_claudeauthownership ... ok
test commands::claude::auth::export_bindings_claudeauthsourcekind ... ok
test commands::claude::auth::export_bindings_claudeauthsourcelocation ... ok
test commands::claude::auth::export_bindings_claudeauthsourceobservation ... ok
test commands::claude::auth::export_bindings_claudeloginstate ... ok
test commands::claude::auth::export_bindings_claudeprofileauthmode ... ok
test commands::claude::auth::export_bindings_clauderuntimemode ... ok
test commands::claude::auth::export_bindings_clauderuntimesummary ... ok
test commands::codex::auth::export_bindings_codexapikeyaddpayload ... ok
test commands::codex::auth::export_bindings_codexauthaccountitem ... ok
test commands::codex::auth::export_bindings_codexauthaccountmetadata ... ok
test commands::codex::auth::export_bindings_codexauthactionresponse ... ok
test commands::codex::auth::export_bindings_codexauthcurrentinfo ... ok
test commands::codex::auth::export_bindings_codexauthcurrentresponse ... ok
test commands::codex::auth::export_bindings_codexauthimportpayload ... ok
test commands::codex::auth::export_bindings_codexauthlistresponse ... ok
test commands::codex::auth::export_bindings_codexauthmutationresponse ... ok
test commands::codex::auth::export_bindings_codexauthoffresponse ... ok
test commands::codex::auth::export_bindings_codexauthprocessresponse ... ok
test commands::codex::auth::export_bindings_codexauthrenameresponse ... ok
test commands::codex::auth::export_bindings_codexjsonvalue ... ok
test commands::codex::auth::export_bindings_codexloginstate ... ok
test commands::codex::auth::export_bindings_codexmodelproviderapikeydto ... ok
test commands::codex::auth::export_bindings_codexmodelproviderdeleteresponse ... ok
test commands::codex::auth::export_bindings_codexmodelproviderrecorddto ... ok
test commands::codex::auth::export_bindings_codexmodelprovidersaveresponse ... ok
test commands::codex::auth::export_bindings_codexmodelprovidersresponse ... ok
test commands::codex::auth::export_bindings_codexmodelproviderupsertpayload ... ok
test commands::codex::auth::export_bindings_codexoauthstartresponse ... ok
test commands::codex::auth::export_bindings_oauthportreleasereport ... ok
test commands::command_exec::export_bindings_commandargschema ... ok
test commands::command_exec::export_bindings_commandcatalog ... ok
test commands::command_exec::export_bindings_commandexecutionresult ... ok
test commands::command_exec::export_bindings_commandflagschema ... ok
test commands::command_exec::export_bindings_commandhelpresponse ... ok
test commands::command_exec::export_bindings_commandinfo ... ok
test commands::command_exec::export_bindings_commandjobdelta ... ok
test commands::command_exec::export_bindings_commandjobsnapshot ... ok
test commands::command_exec::export_bindings_commandjobstatus ... ok
test commands::command_exec::export_bindings_outputchannel ... ok
test commands::command_exec::export_bindings_startcommandjobresponse ... ok
test commands::config::adapter::export_bindings_configmutationresult ... ok
test commands::config::adapter::export_bindings_configpatchinput ... ok
test commands::config::adapter::export_bindings_configplatform ... ok
test commands::config::export_bindings_configinfo ... ok
test commands::config::export_bindings_exportresult ... ok
test commands::config::export_bindings_historyentry ... ok
test commands::config::export_bindings_importresult ... ok
test commands::converter::export_bindings_converterclitype ... ok
test commands::converter::export_bindings_converterrequestdto ... ok
test commands::converter::export_bindings_convertresult ... ok
test commands::converter::export_bindings_convertstats ... ok
test commands::grok::export_bindings_grokactivationdto ... ok
test commands::grok::export_bindings_grokauthcurrentresponse ... ok
test commands::grok::export_bindings_grokauthmodedto ... ok
test commands::grok::export_bindings_grokauthoffresponse ... ok
test commands::grok::export_bindings_grokclisettingsdto ... ok
test commands::grok::export_bindings_grokconfiglayerdto ... ok
test commands::grok::export_bindings_grokconfiglayersresponse ... ok
test commands::grok::export_bindings_grokcustommodeldto ... ok
test commands::grok::export_bindings_grokdashboardcommandresponse ... ok
test commands::grok::export_bindings_grokdashboardoverview ... ok
test commands::grok::export_bindings_grokdeleteblockedreasondto ... ok
test commands::grok::export_bindings_grokhintssettingsdto ... ok
test commands::grok::export_bindings_grokmodelssettingsdto ... ok
test commands::grok::export_bindings_grokprofileactionresponse ... ok
test commands::grok::export_bindings_grokprofilecommandresponse ... ok
test commands::grok::export_bindings_grokprofiledto ... ok
test commands::grok::export_bindings_grokprofilekinddto ... ok
test commands::grok::export_bindings_grokprofilescommandresponse ... ok
test commands::grok::export_bindings_grokprofilesresponse ... ok
test commands::grok::export_bindings_grokrawconfigresponse ... ok
test commands::grok::export_bindings_grokrawsaveresponse ... ok
test commands::grok::export_bindings_groksessionsettingsdto ... ok
test commands::grok::export_bindings_groksettingscommandresponse ... ok
test commands::grok::export_bindings_groksettingspatchdto ... ok
test commands::grok::export_bindings_groksettingsresponse ... ok
test commands::grok::export_bindings_groksettingsupdateresponse ... ok
test commands::grok::export_bindings_grokuisettingsdto ... ok
test commands::opencode::export_bindings_opencodepluginfilerecord ... ok
test commands::opencode::export_bindings_opencodethemerecord ... ok
test commands::shell::export_bindings_skillportappstatus ... ok
test commands::ssh::export_bindings_addsshhostrequest ... ok
test commands::ssh::export_bindings_sshclistatusdto ... ok
test commands::ssh::export_bindings_sshconfirmfingerprintrequest ... ok
test commands::ssh::export_bindings_sshconnectionstate ... ok
test commands::ssh::export_bindings_sshconnectionstateresponse ... ok
test commands::ssh::export_bindings_sshconnectresultdto ... ok
test commands::ssh::export_bindings_sshfingerprintproberesult ... ok
test commands::ssh::export_bindings_sshhostconfigdto ... ok
test commands::ssh::export_bindings_sshhostkeystatus ... ok
test commands::ssh::export_bindings_sshkeyinfodto ... ok
test commands::ssh::export_bindings_sshprobefingerprintrequest ... ok
test commands::sync::export_bindings_syncallassetsinput ... ok
test commands::sync::export_bindings_syncassetinfo ... ok
test commands::sync::export_bindings_syncassetkind ... ok
test commands::sync::export_bindings_syncassetoperationinput ... ok
test commands::sync::export_bindings_syncencryptionstate ... ok
test commands::sync::export_bindings_syncfolderinfo ... ok
test commands::sync::export_bindings_syncoperationfailure ... ok
test commands::sync::export_bindings_syncoperationresult ... ok
test commands::sync::export_bindings_syncstatusinfo ... ok
test commands::sync::export_bindings_webdavconfigdetails ... ok
test commands::sync::export_bindings_webdavconfiginput ... ok
test commands::sync::export_bindings_webdavtestresult ... ok
test commands::system::export_bindings_cliversionentry ... ok
test commands::system::export_bindings_cliversionoptions ... ok
test commands::system::export_bindings_cliversionsoptions ... ok
test commands::system::export_bindings_cliversionsresponse ... ok
test commands::system::export_bindings_eventlogentrydto ... ok
test commands::system::export_bindings_frontendloginputdto ... ok
test commands::system::export_bindings_jsonvaluedto ... ok
test commands::system::export_bindings_monitoringentrydto ... ok
test commands::system::export_bindings_monitoringfeedquerydto ... ok
test commands::system::export_bindings_monitoringleveldto ... ok
test commands::system::export_bindings_runtimemetricsresponse ... ok
test commands::system::export_bindings_systeminfo ... ok
test commands::system::export_bindings_versioninfo ... ok
test commands::ui_state::export_bindings_commandhistorydto ... ok
test commands::ui_state::export_bindings_favoritecommanddto ... ok
test commands::wire::export_bindings_openjsonvaluedto ... ok
test llmusage_adapter::capabilities::export_bindings_capabilityreport ... ok
test llmusage_adapter::queries::export_bindings_heatmapresponsedto ... ok
test llmusage_adapter::queries::export_bindings_modelstatdto ... ok
test llmusage_adapter::queries::export_bindings_paginatedlogsdto ... ok
test llmusage_adapter::queries::export_bindings_projectstatdto ... ok
test llmusage_adapter::queries::export_bindings_usagesummarydto ... ok
test platform::export_bindings_environmentinfo ... ok
test platform::export_bindings_environmenttype ... ok
test services::agent_sessions::export_bindings_agentsessionagentdto ... ok
test services::agent_sessions::export_bindings_agentsessionavailabilitydto ... ok
test services::agent_sessions::export_bindings_agentsessiondetaildto ... ok
test services::agent_sessions::export_bindings_agentsessiondetailrequestdto ... ok
test services::agent_sessions::export_bindings_agentsessionfidelitydto ... ok
test services::agent_sessions::export_bindings_agentsessionlistitemdto ... ok
test services::agent_sessions::export_bindings_agentsessionlistrequestdto ... ok
test services::agent_sessions::export_bindings_agentsessionmessagedto ... ok
test services::agent_sessions::export_bindings_agentsessionpagedto ... ok
test services::agent_sessions::export_bindings_agentsessionproviderrefreshdto ... ok
test services::agent_sessions::export_bindings_agentsessionproviderstatusdto ... ok
test services::agent_sessions::export_bindings_agentsessionrefreshcountersdto ... ok
test services::agent_sessions::export_bindings_agentsessionrefreshreportdto ... ok
test services::claude_observer::export_bindings_breakdownrow ... ok
test services::claude_observer::export_bindings_cachestatsdto ... ok
test services::claude_observer::export_bindings_dailypoint ... ok
test services::claude_observer::export_bindings_heatmapcell ... ok
test services::claude_observer::export_bindings_insightdto ... ok
test services::claude_observer::export_bindings_sessionrow ... ok
test services::claude_observer::export_bindings_toptoolrow ... ok
test services::home_insights::export_bindings_homeinsightsresponse ... ok
test services::home_insights::export_bindings_insightsagenttally ... ok
test services::home_insights::export_bindings_insightstotals ... ok
test services::home_insights::export_bindings_insightswindow ... ok
test services::usage::export_bindings_homeoverviewbootstrap ... ok
test services::usage::export_bindings_homeoverviewplatformstats ... ok
test services::usage::export_bindings_homeoverviewseriesitem ... ok
test services::usage::export_bindings_homeoverviewsummary ... ok
test services::usage::export_bindings_homeusageoverviewresponse ... ok
test services::usage::export_bindings_importallusageresponse ... ok
test services::usage::export_bindings_startsessionindexjobresponse ... ok
test services::usage::export_bindings_startusageimportjobresponse ... ok
test services::usage::export_bindings_usagearchivediagnostics ... ok
test services::usage::export_bindings_usagedashboardresponse ... ok
test services::usage::export_bindings_usagedrilldownprojection ... ok
test services::usage::export_bindings_usagefreshnessprojection ... ok
test services::usage::export_bindings_usagefreshnessstate ... ok
test services::usage::export_bindings_usageimportresultv2 ... ok
test services::usage::export_bindings_usageimportsummary ... ok
test services::usage::export_bindings_usagelogsmode ... ok
test services::usage::export_bindings_usagelogsquery ... ok
test services::usage::export_bindings_usagereadinessprojection ... ok
test services::usage::export_bindings_usagereadinessstate ... ok
test services::usage::export_bindings_usagesnapshotprojection ... ok
test services::usage::export_bindings_usagesourcehealth ... ok
test services::usage::export_bindings_usagesourcehealthstate ... ok
test session_index_jobs::export_bindings_sessionindexjobsnapshot ... ok
test session_index_jobs::export_bindings_sessionindexjobstage ... ok
test session_index_jobs::export_bindings_sessionindexjobstatus ... ok
test state::export_bindings_desktopshellpreferences ... ok
test state::export_bindings_traypanelmanualposition ... ok
test state::export_bindings_traypanelplacementmode ... ok
test state::export_bindings_traypanelplacementstate ... ok
test usage_jobs::export_bindings_usageimportjobsnapshot ... ok
test usage_jobs::export_bindings_usageimportjobstage ... ok
test usage_jobs::export_bindings_usageimportjobstatus ... ok

test result: ok. 197 passed; 0 failed; 0 ignored; 0 measured; 408 filtered out; finished in 0.85s

     Running tests\llmusage_no_crate_guard.rs (src-tauri\target\debug\deps\llmusage_no_crate_guard-e3ffec19be904b78.exe)

running 0 tests

test result: ok. 0 passed; 0 failed; 0 ignored; 0 measured; 2 filtered out; finished in 0.00s

mbx[cache]: 0 hits, 0 misses, 1 bypassed; 0 B downloaded, 0 B uploaded, 0 B stored locally
mbx[savings]: 37.9 GiB logical tidied away. you may continue not thinking about it.
TypeScript bindings match the worktree baseline
just tauri-command-inventory-check
warning: linker stdout: 正在创建库 D:/Documents/Code/Github/ccr/ccr-ui/src-tauri/target\debug\deps\ccr_tauri_command_macros-271ea576f0e047ce.dll.lib 和对象 D:/Documents/Code/Github/ccr/ccr-ui/src-tauri/target\debug\deps\ccr_tauri_command_macros-271ea576f0e047ce.dll.exp
  |
  = note: `#[warn(linker_messages)]` on by default

warning: `ccr-tauri-command-macros` (lib) generated 1 warning
    Finished `test` profile [unoptimized + debuginfo] target(s) in 0.71s
     Running unittests src\main.rs (ccr-ui\src-tauri\target\debug\deps\ccr_desktop-5aabd7cb81fe19ae.exe)

running 1 test
test commands::handler_registry::tests::command_inventory_document_matches_registry ... ok

test result: ok. 1 passed; 0 failed; 0 ignored; 0 measured; 604 filtered out; finished in 0.02s

     Running tests\llmusage_no_crate_guard.rs (ccr-ui\src-tauri\target\debug\deps\llmusage_no_crate_guard-e3ffec19be904b78.exe)

running 0 tests

test result: ok. 0 passed; 0 failed; 0 ignored; 0 measured; 2 filtered out; finished in 0.00s

✅ Tauri Rust CI passed
  Tauri CI ............ 04:22.571  OK

━━━ Frontend Check ━━━
━━━━━━━━━━━━━━━━━━━━━━━━━━━━━━━━━━━━━━━━━━━━━━━
🔍 前端 TypeScript 类型检查
━━━━━━━━━━━━━━━━━━━━━━━━━━━━━━━━━━━━━━━━━━━━━━━
cd ccr-ui && bun install --frozen-lockfile && bun run type-check
bun install v1.4.2 (744846f84)

Checked 654 installs across 723 packages (no changes) [212.00ms]
$ tsc --noEmit
✅ 前端类型检查通过
━━━━━━━━━━━━━━━━━━━━━━━━━━━━━━━━━━━━━━━━━━━━━━━
🎨 前端 Lint 检查
━━━━━━━━━━━━━━━━━━━━━━━━━━━━━━━━━━━━━━━━━━━━━━━
cd ccr-ui && bun install --frozen-lockfile && bun run lint:ci
bun install v1.4.2 (744846f84)

Checked 654 installs across 723 packages (no changes) [149.00ms]
$ eslint . --quiet && bun run lint:style && bun run check:style-lines
$ stylelint "src/**/*.css"
$ bun ./scripts/check-component-style-lines.mjs
[check:style-lines] PASS：0 个 .module.css，全部满足 412 行绝对上限与 JSX 比例约束
✅ 前端 Lint 检查通过
━━━━━━━━━━━━━━━━━━━━━━━━━━━━━━━━━━━━━━━━━━━━━━━
🔄 前端循环依赖检查
━━━━━━━━━━━━━━━━━━━━━━━━━━━━━━━━━━━━━━━━━━━━━━━
cd ccr-ui && bun install --frozen-lockfile && bun run check:cycles
bun install v1.4.2 (744846f84)

Checked 654 installs across 723 packages (no changes) [73.00ms]
$ bun ./scripts/check-cycles.mjs
[check-cycles] PASS：738 个文件，无循环依赖
✅ 前端循环依赖检查通过
━━━━━━━━━━━━━━━━━━━━━━━━━━━━━━━━━━━━━━━━━━━━━━━
🧱 前端架构边界规则自检
━━━━━━━━━━━━━━━━━━━━━━━━━━━━━━━━━━━━━━━━━━━━━━━
cd ccr-ui && bun install --frozen-lockfile && bun run check:arch-boundaries
bun install v1.4.2 (744846f84)

Checked 654 installs across 723 packages (no changes) [62.00ms]
$ bun ./scripts/check-arch-boundaries.mjs
[check:arch-boundaries] PASS 跨层导入：UI 原语导入 feature 域（boundaries/dependencies 报错）
[check:arch-boundaries] PASS feature 跨域直连：claude → codex（boundaries/dependencies 报错）
[check:arch-boundaries] PASS 反向依赖：底层模块导入 store（boundaries/dependencies 报错）
[check:arch-boundaries] PASS 门面消费侧绕过：直接导入 tauri.ts（no-restricted-imports 报错）
[check:arch-boundaries] 全部边界违规夹具均按预期报错
✅ 前端架构边界规则自检通过
━━━━━━━━━━━━━━━━━━━━━━━━━━━━━━━━━━━━━━━━━━━━━━━
🧪 前端 Smoke Tests
━━━━━━━━━━━━━━━━━━━━━━━━━━━━━━━━━━━━━━━━━━━━━━━
cd ccr-ui && bun install --frozen-lockfile && bun run test
bun install v1.4.2 (744846f84)

Checked 654 installs across 723 packages (no changes) [67.00ms]
$ bun run test:i18n && bun run test:smoke
$ bun tests/i18n.test.cjs && bun ./scripts/detect-i18n-key-leak.mjs --self-test
[1m[36m
╔═══════════════════════════════════════════════════════════════════════════════╗[0m[0m
[1m[36m║                   i18n Translation Files Validation Test                     ║[0m[0m
[1m[36m╚═══════════════════════════════════════════════════════════════════════════════╝[0m[0m
[36m
Test Configuration:[0m
[36m  zh-CN file: D:\Documents\Code\Github\ccr\ccr-ui\src\i18n\locales\zh-CN.ts[0m
[36m  en-US file: D:\Documents\Code\Github\ccr\ccr-ui\src\i18n\locales\en-US.ts[0m
[36m  Required namespaces: common, nav, configs, mcp, agents, slashCommands, plugins[0m
[36m  Max size difference: 35%[0m

[36m================================================================================[0m
[1m[36m  Test 1: File Existence Check[0m[0m
[36m================================================================================[0m
[32m✓[0m zh-CN.ts file exists
[2m  Path: D:\Documents\Code\Github\ccr\ccr-ui\src\i18n\locales\zh-CN.ts[0m
[32m✓[0m en-US.ts file exists
[2m  Path: D:\Documents\Code\Github\ccr\ccr-ui\src\i18n\locales\en-US.ts[0m

[36m================================================================================[0m
[1m[36m  Test 2: File Size Comparison[0m[0m
[36m================================================================================[0m
[36m  zh-CN.ts: 220.86 KB[0m
[36m  en-US.ts: 229.37 KB[0m
[36m  Size difference: 8.51 KB (3.78%)[0m
[32m✓[0m File sizes are reasonably similar
[2m  Files are within acceptable size range[0m

[36m================================================================================[0m
[1m[36m  Test 3: Namespace Extraction and Validation[0m[0m
[36m================================================================================[0m
[36m  zh-CN namespaces (549): auth, common, language, shell, about, backend, environment, historyPanel, versionManager, updateModal, ccrControl, status, time, editor, variables, nav, user, checkin, actions, tabs, dialog, stats, result, progress, waf, detail, skipReasons, info, errors, hints, labels, accounts, columns, modal, fields, waf, cdk, help, errors, account_manager, account_list, token_config, history, status, records, providers, oauthWizard, oauthTypes, steps, summary, errors, dashboard, insights, totals, compare, views, heatmap, trend, distribution, leaderboard, weekdays, months, empty, webPreview, readiness, reasons, metrics, actions, platforms, metrics, usage, signals, statusBar, claudeCode, hero, features, modules, profiles, auth, settings, mcpServers, slashCommands, agents, plugins, quickActions, tips, observer, tab, metric, chart, subscription, tokenDetail, behavior, empty, claudeProfiles, authTokenActions, sections, basic, connection, auth, status, actions, runtimeBanner, confirm, messages, groups, statStrip, toolbar, fields, inspector, issues, commandPalette, settingsSession, settingsRaw, profilesRaw, systemPrompts, files, platforms, claudeSettings, tabs, model, permissions, env, ui, sandbox, git, mcp, breadcrumb, presets, sync, manager, hero, actions, metrics, presetsDrawer, scopes, approvals, state, list, bulkDelete, confirm, messages, detail, form, import, errors, monitoring, levels, prompts, builtin, categories, agents, folders, search, validation, messages, form, models, breadcrumb, slashCommands, folders, search, form, breadcrumb, viewControls, plugins, form, breadcrumb, configs, breadcrumb, buttons, tabs, filters, sidebar, sort, provider, sortModes, form, addConfig, commands, catalog, status, converter, formatDescriptions, usageNotes, sync, breadcrumb, gating, about, assets, passphrase, assetGroups, ccr, claude, codex, assetActions, assetStatus, output, webdav, account, features, supportedServices, messages, theme, language, settings, dock, summary, appearance, theme, flavor, typography, language, shell, diagnostics, errors, notifications, usage, platforms, actions, filters, timeRange, model, summaryCards, trends, states, emptyState, unsupported, cli_missing, db_missing, db_unreadable, schema_unsupported, missing_table, missing_column, waiting_for_llmusage, install, dialog, stage, duration, dashboard, range, importJobBanner, toolbar, tabs, cards, tokenStrip, sources, ops, states, ready, syncing, stale, degraded, needs_import, needs_session_index, empty, health, freshness, sourceStates, sourceStateHints, actions, alerts, age, cost, providers, chart, bucket, highlights, rankings, models, tokens, modes, projects, meta, table, logs, diagnostics, status, pricing, actions, boundary, fields, default, models, form, operations, empty, states, confirm, messages, stats, timeRange, actions, summaryCards, tokenDetails, sections, units, states, codex, overview, features, modules, mcp, agents, profiles, slashCommands, auth, settings, plugins, config, tips, capabilities, dashboard, header, statusLabels, readiness, auth, profiles, config, usage, usageFreshness, actionConsole, actions, login, createProfile, selectProfile, completeSettings, addMcp, openSessions, ready, refresh, management, auth, profiles, settings, mcp, agents, sessions, usage, empty, error, actions, states, mcp, types, placeholders, validation, messages, agents, sources, freshness, stats, status, confirm, messages, validation, form, messages, profiles, fields, actions, runtimeBanner, confirm, placeholders, authModes, authTokenHints, templateSelector, sections, sectionHints, tokenActions, providers, validation, messages, empty, groups, statStrip, toolbar, commandPalette, inspector, issues, status, settings, tabs, model, reasoningEffortOptions, security, tools, ui, features, messages, slashCommands, folders, validation, messages, auth, off, profileGuard, status, loginState, fields, placeholders, validation, table, messages, tray, rename, filters, statusOptions, freshnessOptions, planOptions, sortOptions, plugins, folders, validation, messages, messages, gemini, overview, stats, hero, tags, terminal, modules, quick, mcp, validation, messages, agents, folders, validation, messages, slashCommands, folders, validation, messages, plugins, validation, messages, grok, overview, auth, dashboard, header, localOnly, readiness, installation, profiles, config, actions, install, createProfile, activateProfile, repairDrift, inspectUnsafe, openSettings, management, profiles, settings, commands, statusLabels, empty, error, profiles, actions, statStrip, toolbar, empty, groups, fields, profileKinds, authModes, credentialActions, editor, validation, confirm, messages, driftBanner, inactive, active, drifted, unsafe_missing_entry_state, renameRecovery, rename_apply_failed, rename_cleanup_failed, unsafeDelete, commandPalette, inspector, issues, missing, settings, localOnly, tabs, status, managed, conflict, model, sessionUi, cli, worktrees, fields, placeholders, helpers, options, themeOptions, worktreeOptions, customModels, source, footer, validation, messages, states, activation, activationWarning, authMode, version, placeholder, platformUsage, tabs, cards, metrics, rank, units, empty, platforms, codex, antigravity, opencode, usageStats, viewModes, profilePresentation, name, configPath, fields, auth, badges, profilesSurface, stats, empty, view, table, toolbar, inspector, commandPalette, agentSessions, roles, agents, errors, profileEditor, validation[0m
[36m  en-US namespaces (549): auth, common, language, shell, about, backend, environment, historyPanel, versionManager, updateModal, ccrControl, status, time, editor, variables, nav, user, checkin, actions, tabs, dialog, stats, result, progress, waf, detail, skipReasons, info, errors, hints, labels, accounts, columns, modal, fields, waf, cdk, help, errors, account_manager, account_list, token_config, history, status, records, providers, oauthWizard, oauthTypes, steps, summary, errors, dashboard, insights, totals, compare, views, heatmap, trend, distribution, leaderboard, weekdays, months, empty, webPreview, readiness, reasons, metrics, actions, platforms, metrics, usage, signals, statusBar, claudeCode, hero, features, modules, profiles, auth, settings, mcpServers, slashCommands, agents, plugins, quickActions, tips, observer, tab, metric, chart, subscription, tokenDetail, behavior, empty, claudeProfiles, authTokenActions, sections, basic, connection, auth, status, actions, runtimeBanner, confirm, messages, groups, statStrip, toolbar, fields, inspector, issues, commandPalette, settingsSession, settingsRaw, profilesRaw, systemPrompts, files, platforms, claudeSettings, tabs, model, permissions, env, ui, sandbox, git, mcp, breadcrumb, presets, sync, manager, hero, actions, metrics, presetsDrawer, scopes, approvals, state, list, bulkDelete, confirm, messages, detail, form, import, errors, monitoring, levels, prompts, builtin, categories, agents, folders, search, validation, messages, form, models, breadcrumb, slashCommands, folders, search, form, breadcrumb, viewControls, plugins, form, breadcrumb, configs, breadcrumb, buttons, tabs, filters, sidebar, sort, provider, sortModes, form, addConfig, commands, catalog, status, converter, formatDescriptions, usageNotes, sync, breadcrumb, gating, about, assets, passphrase, assetGroups, ccr, claude, codex, assetActions, assetStatus, output, webdav, account, features, supportedServices, messages, errors, theme, language, settings, dock, summary, appearance, theme, flavor, typography, language, shell, diagnostics, notifications, usage, platforms, actions, filters, timeRange, model, summaryCards, trends, states, emptyState, unsupported, cli_missing, db_missing, db_unreadable, schema_unsupported, missing_table, missing_column, waiting_for_llmusage, install, dialog, stage, duration, dashboard, range, importJobBanner, toolbar, tabs, cards, tokenStrip, sources, ops, states, ready, syncing, stale, degraded, needs_import, needs_session_index, empty, health, freshness, sourceStates, sourceStateHints, actions, alerts, age, cost, providers, chart, bucket, highlights, rankings, models, tokens, modes, projects, meta, table, logs, diagnostics, status, pricing, actions, boundary, fields, default, models, form, operations, empty, states, confirm, messages, stats, timeRange, actions, summaryCards, tokenDetails, sections, units, states, codex, overview, features, modules, mcp, agents, profiles, slashCommands, auth, settings, plugins, config, tips, capabilities, dashboard, header, statusLabels, readiness, auth, profiles, config, usage, usageFreshness, actionConsole, actions, login, createProfile, selectProfile, completeSettings, addMcp, openSessions, ready, refresh, management, auth, profiles, settings, mcp, agents, sessions, usage, empty, error, actions, states, mcp, types, placeholders, validation, messages, agents, sources, freshness, stats, status, confirm, messages, validation, form, messages, profiles, fields, actions, runtimeBanner, confirm, placeholders, authModes, authTokenHints, templateSelector, sections, sectionHints, tokenActions, providers, validation, messages, empty, groups, statStrip, toolbar, commandPalette, inspector, issues, status, settings, tabs, model, reasoningEffortOptions, security, tools, ui, features, messages, slashCommands, folders, validation, messages, auth, off, profileGuard, status, loginState, fields, placeholders, validation, table, messages, tray, rename, filters, statusOptions, freshnessOptions, planOptions, sortOptions, plugins, folders, validation, messages, messages, gemini, overview, stats, hero, tags, terminal, modules, quick, mcp, validation, messages, agents, folders, validation, messages, slashCommands, folders, validation, messages, plugins, validation, messages, grok, overview, auth, dashboard, header, localOnly, readiness, installation, profiles, config, actions, install, createProfile, activateProfile, repairDrift, inspectUnsafe, openSettings, management, profiles, settings, commands, statusLabels, empty, error, profiles, actions, statStrip, toolbar, empty, groups, fields, profileKinds, authModes, credentialActions, editor, validation, confirm, messages, driftBanner, inactive, active, drifted, unsafe_missing_entry_state, renameRecovery, rename_apply_failed, rename_cleanup_failed, unsafeDelete, commandPalette, inspector, issues, missing, settings, localOnly, tabs, status, managed, conflict, model, sessionUi, cli, worktrees, fields, placeholders, helpers, options, themeOptions, worktreeOptions, customModels, source, footer, validation, messages, states, activation, activationWarning, authMode, version, placeholder, platformUsage, tabs, cards, metrics, rank, units, empty, platforms, codex, antigravity, opencode, usageStats, viewModes, profilePresentation, name, configPath, fields, auth, badges, profilesSurface, stats, empty, view, table, toolbar, inspector, commandPalette, agentSessions, roles, agents, errors, profileEditor, validation[0m
[32m✓[0m Namespace counts match
[2m  Both files have 549 namespaces[0m
[32m✓[0m All namespaces are consistent
[2m  Perfect namespace alignment[0m

[36m================================================================================[0m
[1m[36m  Test 4: Required Namespaces Check[0m[0m
[36m================================================================================[0m
[36m  Required namespaces: common, nav, configs, mcp, agents, slashCommands, plugins[0m
[32m✓[0m Required namespace: common
[2m  Present in both files[0m
[32m✓[0m Required namespace: nav
[2m  Present in both files[0m
[32m✓[0m Required namespace: configs
[2m  Present in both files[0m
[32m✓[0m Required namespace: mcp
[2m  Present in both files[0m
[32m✓[0m Required namespace: agents
[2m  Present in both files[0m
[32m✓[0m Required namespace: slashCommands
[2m  Present in both files[0m
[32m✓[0m Required namespace: plugins
[2m  Present in both files[0m

[36m================================================================================[0m
[1m[36m  Test 5: Variable Placeholders Analysis[0m[0m
[36m================================================================================[0m
[36m  zh-CN placeholders (94): name, time, count, id, code, provider, reward, current, total, account...[0m
[36m  en-US placeholders (94): name, time, count, id, code, provider, reward, current, total, account...[0m
[36m  Placeholder overlap: 100.00%[0m
[32m✓[0m Placeholder overlap is good
[2m  100.00% overlap indicates consistent variable usage[0m

[36m================================================================================[0m
[1m[36m  Test 6: Syntax Validation[0m[0m
[36m================================================================================[0m
[32m✓[0m zh-CN has export default statement
[2m  Found export default[0m
[32m✓[0m en-US has export default statement
[2m  Found export default[0m
[32m✓[0m zh-CN has balanced braces
[2m  971 opening, 971 closing[0m
[32m✓[0m en-US has balanced braces
[2m  971 opening, 971 closing[0m

[36m================================================================================[0m
[1m[36m  Test 7: i18n @ Literal Safety[0m[0m
[36m================================================================================[0m
[32m✓[0m zh-CN.ts has no unsafe bare @
[2m  All @ usages are explicit literals or linked syntax[0m
[32m✓[0m en-US.ts has no unsafe bare @
[2m  All @ usages are explicit literals or linked syntax[0m

[36m================================================================================[0m
[1m[36m  Test 8: Leaf Key Count[0m[0m
[36m================================================================================[0m
[32m✓[0m zh-CN.ts has 4523 leaf keys
[2m  counted 4523 string leaves[0m
[32m✓[0m en-US.ts has 4523 leaf keys
[2m  counted 4523 string leaves[0m
[32m✓[0m zh-CN and en-US leaf key counts match
[2m  4523 vs 4523[0m

[36m================================================================================[0m
[1m[36m  Test 9: Placeholder Binding Validation[0m[0m
[36m================================================================================[0m
[32m✓[0m Simple i18n placeholder bindings are aligned
[2m  Checked 968 source files[0m

[36m================================================================================[0m
[1m[36m  Test 10: Coverage Statistics[0m[0m
[36m================================================================================[0m
[36m
  Translation Coverage:[0m
[36m    zh-CN: 4538 keys, 5726 lines, 50 comments[0m
[36m    en-US: 4550 keys, 5885 lines, 49 comments[0m
[36m    Key difference: 12 (0.26%)[0m
[32m✓[0m Translation key coverage is good
[2m  Key counts are very close[0m

[36m================================================================================[0m
[1m[36m  Test Summary[0m[0m
[36m================================================================================[0m
[36m
  Results:[0m
    Total tests:    [1m24[0m
[32m    Passed:         24[0m
[36m    Pass rate:      100.00%[0m

[36m────────────────────────────────────────────────────────────────────────────────[0m
[32m
✓ All tests passed! i18n files are valid and consistent.
[0m
✅ underscore key: "checkin.stats.total_accounts" → ["checkin.stats.total_accounts"]
✅ two-segment key: "common.save" → ["common.save"]
✅ translated copy: "保存" → []
✅ key-shaped non-catalog text: "package.json example.com" → []
✅ key leak detector self-test passed（集合 4523 个叶子 key）
$ vitest run --config vitest.smoke.config.ts

 RUN  v4.1.11 D:/Documents/Code/Github/ccr/ccr-ui

Not implemented: navigation to another Document

 Test Files  169 passed (169)
      Tests  904 passed (904)
   Start at  22:28:13
   Duration  89.78s (transform 6.36s, setup 12.84s, import 22.45s, tests 49.31s, environment 74.14s)

✅ 前端 Smoke Tests 通过
━━━━━━━━━━━━━━━━━━━━━━━━━━━━━━━━━━━━━━━━━━━━━━━
🏗️ 前端构建
━━━━━━━━━━━━━━━━━━━━━━━━━━━━━━━━━━━━━━━━━━━━━━━
cd ccr-ui && bun install --frozen-lockfile && bun run build
bun install v1.4.2 (744846f84)

Checked 654 installs across 723 packages (no changes) [87.00ms]
$ bun run icons:ensure
$ node ./scripts/ensure-icons.cjs
Skipping icon generation because CCR_SKIP_ICON_GENERATION=1
$ vite build
(!) Your Vite config uses features that are unsupported by `configLoader: 'native'`, which is planned to become the default in a future major version of Vite:
  - `__dirname` (vite.config.ts:8:10). Use `import.meta.dirname` instead
  - JSON import "./scripts/dev-warm-targets.json" without import attributes (vite.config.ts:5:28). Add `with { type: 'json' }`
Set `VITE_CONFIG_NATIVE_IGNORE_WARNING=true` to suppress this warning.
vite v8.2.2 building client environment for production...
transforming...
✓ 1472 modules transformed.
[lightningcss minify] Unknown at rule: @tailwind
1764 |  
1765 |  /* Needed so Tailwind can place `@layer components` from utilities.css (used by `@apply`). */
1766 |  @tailwind components;
     |           ^
1767 |  
rendering chunks...
dist/assets/favicon-Duj6Comt.svg                        2.06 kB
dist/index.html                                         5.49 kB
dist/assets/McpManagerView-eCL8HAZQ.css                 1.51 kB
dist/assets/deferred-decorations-BZg_lWSd.css           1.61 kB
dist/assets/SettingsSource-DdcUSGFi.css                 3.35 kB
dist/assets/CodexTrayPanelView-B6gcl-qy.css             3.93 kB
dist/assets/CheckinAccountDashboardView-BccpQG5S.css    4.66 kB
dist/assets/CommandsView-CdUgy74Q.css                   5.02 kB
dist/assets/ConverterView-W6zL-JxU.css                  5.59 kB
dist/assets/BudgetView-Bk0fC93e.css                     5.67 kB
dist/assets/PricingView-BOCAKZve.css                    6.92 kB
dist/assets/SyncView-CqpZJHCK.css                       8.01 kB
dist/assets/ConfigsView-D7lw-AXe.css                   14.20 kB
dist/assets/charts-vendor-D3V_k3pH.css                 17.32 kB
dist/assets/AppSettingsView-C8w0zKlP.css               20.29 kB
dist/assets/CheckinView-DUXY6CzR.css                   24.17 kB
dist/assets/deferred-interactive-B_epy5iu.css          29.18 kB
dist/assets/ProfilesSurface-B4CHivgQ.css               39.76 kB
dist/assets/DashboardView-KTChEeFV.css                 40.41 kB
dist/assets/UsageDashboardView-BUUjK1Wi.css            50.58 kB
dist/assets/index-Cx4CuS1X.css                        149.42 kB
dist/assets/deferred-decorations-CyT7FVdI.js            0.07 kB
dist/assets/deferred-interactive-C-RWOTNc.js            0.07 kB
dist/assets/locale-687VO-Kv.js                          0.07 kB
dist/assets/apexChartsCore-DlkSSyjW.js                  0.07 kB
dist/assets/tf-DmjY2K_9.js                              0.09 kB
dist/assets/locale-rnbQz5RR.js                          0.10 kB
dist/assets/locale-BRC1SZ_8.js                          0.11 kB
dist/assets/translate-CLxr9BT1.js                       0.13 kB
dist/assets/probeLocal-BZVjvPCT.js                      0.15 kB
dist/assets/locale-a1ysulY5.js                          0.16 kB
dist/assets/CodexMcpView-BS_75sm2.js                    0.20 kB
dist/assets/ClaudePluginsView-CzyApWVO.js               0.21 kB
dist/assets/CodexAgentsView-Dvk1t69S.js                 0.21 kB
dist/assets/CodexSettingsView-DwKw7Pg_.js               0.21 kB
dist/assets/GeminiPluginsView-BWesf99z.js               0.21 kB
dist/assets/GrokSettingsView--qxQ8htX.js                0.21 kB
dist/assets/GeminiAgentsView-Cggpu4OF.js                0.21 kB
dist/assets/ClaudeSettingsView-CLXDGNd2.js              0.21 kB
dist/assets/OpenCodePluginsView-C1_TJ8y5.js             0.21 kB
dist/assets/OpenCodeAgentsView-DqVqIu8w.js              0.22 kB
dist/assets/surfaceNotify-CREgXGUe.js                   0.22 kB
dist/assets/OpenCodeSettingsView-f6BPli1C.js            0.22 kB
dist/assets/GeminiMcpView-BIuVrR5g.js                   0.22 kB
dist/assets/OpenCodeMcpView-BFJELJw8.js                 0.23 kB
dist/assets/GeminiSystemPromptsView-B5BnGTwQ.js         0.24 kB
dist/assets/OpenCodeSystemPromptsView-DAqLcWJR.js       0.24 kB
dist/assets/locale-DJ9TuM2y.js                          0.25 kB
dist/assets/chartResize-CggWbru9.js                     0.26 kB
dist/assets/checkinNotify-CmYeLJXi.js                   0.30 kB
dist/assets/systemPromptsConfig-D3o8AD2q.js             0.31 kB
dist/assets/clipboard-C16C9bhA.js                       0.31 kB
dist/assets/router-BhINUHE9.js                          0.37 kB
dist/assets/nativeWindowAppearance-CbLP3R8-.js          0.39 kB
dist/assets/api-DOvH7Cyk.js                             0.41 kB
dist/assets/ansiRenderer-CXsXL437.js                    0.53 kB
dist/assets/SurfacePage-CZFYgdHt.js                     0.61 kB
dist/assets/rolldown-runtime-hePW80VL.js                0.71 kB
dist/assets/runtimeState-Cew1J7rx.js                    0.79 kB
dist/assets/RoutePlaceholder-DPMXjL8u.js                0.85 kB
dist/assets/GrokAuthView--ynpQ6pl.js                    0.86 kB
dist/assets/OpenCodeCommandsView-DlRe6fXc.js            0.86 kB
dist/assets/ui-classes-CS1aFr5-.js                      1.02 kB
dist/assets/queries-BTTeVeYr.js                         1.03 kB
dist/assets/queries-Cfyona70.js                         1.05 kB
dist/assets/slashCommands-D8-IyQym.js                   1.64 kB
dist/assets/ClaudeSubnav-PkM8fyt3.js                    1.65 kB
dist/assets/ConfigsSubnav-CGQaOXHJ.js                   1.66 kB
dist/assets/NamedItemCard-iAuPGJ3K.js                   1.70 kB
dist/assets/environment-D5t9BTNZ.js                     1.80 kB
dist/assets/plugins-FxafuZgc.js                         2.18 kB
dist/assets/useCodexLocale-CcNuFwi5.js                  2.23 kB
dist/assets/confirm-modal-BadiC2Gi.js                   2.40 kB
dist/assets/moduleSubnav-Bt7RCfc5.js                    3.32 kB
dist/assets/mcp-BHAuAIf5.js                             3.38 kB
dist/assets/BaseMcp-DfAL8Gq_.js                         3.74 kB
dist/assets/useUsageDashboardEffects-CKAcfTpS.js        3.97 kB
dist/assets/GeminiSlashCommandsView-CyFJ8Hd1.js         4.23 kB
dist/assets/ClaudeSlashCommandsView-BTa4lbBl.js         4.25 kB
dist/assets/download-BblfVWvO.js                        4.57 kB
dist/assets/CodexSystemPromptsView-B9ha0YFw.js          4.88 kB
dist/assets/StatuslineView-D11z2efz.js                  5.07 kB
dist/assets/CodexSlashCommandsView-DIiezqGq.js          5.34 kB
dist/assets/BudgetView-OMcLXc9x.js                      5.38 kB
dist/assets/AgentsHomeView-CBEgAKPJ.js                  5.45 kB
dist/assets/PricingView-D_DBF8gi.js                     5.81 kB
dist/assets/ClaudeSystemPromptsView-C3NUiaX7.js         6.05 kB
dist/assets/WslManagementView-D89GH9m_.js               7.80 kB
dist/assets/ui-vendor-DK_mXPN-.js                       8.17 kB
dist/assets/OutputStylesView-DOfE1kua.js                8.57 kB
dist/assets/SkillsMigrationView-BDnWxpjX.js             9.36 kB
dist/assets/SlashCommandsView-BWLKPYe_.js               9.45 kB
dist/assets/CodexProfilesView-BG6h_Qnr.js              10.17 kB
dist/assets/SshManagementView-BDHzQMw6.js              10.57 kB
dist/assets/ClaudeProfilesView-Cv30O5qk.js             10.61 kB
dist/assets/CheckinAccountDashboardView-D2wLgtep.js    11.27 kB
dist/assets/AgentDetailView-BiQMT6Uk.js                11.70 kB
dist/assets/ConverterView-dr1IaXXU.js                  12.79 kB
dist/assets/term-vendor-BUku6Usq.js                    13.26 kB
dist/assets/CodexTrayPanelView-Do7rAQte.js             13.49 kB
dist/assets/ClaudeCodeView-BMJ-o4xb.js                 13.69 kB
dist/assets/OpenCodeProvidersView-Cp2t7I4G.js          13.78 kB
dist/assets/GrokProfilesView-Ql68YvNe.js               14.36 kB
dist/assets/GeminiCliView-C7AAlUrR.js                  14.76 kB
dist/assets/tauri-vendor-C9pnrVIe.js                   15.61 kB
dist/assets/CodexSessionsView-C24c0TpH.js              15.77 kB
dist/assets/GrokView-BdnmWFKN.js                       18.58 kB
dist/assets/OpenCodeView-CvcB4ekg.js                   19.10 kB
dist/assets/MonitoringView-CsUxCQqK.js                 19.93 kB
dist/assets/CodexView-BdxPMmzt.js                      20.75 kB
dist/assets/HooksView-DjvQQgSQ.js                      22.39 kB
dist/assets/ClaudeAuthView-CjjN5ej5.js                 22.56 kB
dist/assets/AgentSessionsView-CypFNNx4.js              22.59 kB
dist/assets/CommandsView-Di-pNgyo.js                   23.06 kB
dist/assets/virtual-vendor-DD3m8ZGc.js                 23.68 kB
dist/assets/settings-CvRJnbst.js                       24.45 kB
dist/assets/AppSettingsView-DYedwKS7.js                25.00 kB
dist/assets/search-vendor-COMZIxA7.js                  26.29 kB
dist/assets/markdown-vendor-CYRiAeUx.js                26.80 kB
dist/assets/McpManagerView-DQdru1PX.js                 28.61 kB
dist/assets/UsageInsightPanel-q5qKt1k3.js              30.37 kB
dist/assets/SyncView-CzbPr5iz.js                       34.67 kB
dist/assets/index.esm-BY2_vWws.js                      35.20 kB
dist/assets/query-vendor-Bn8Wg3JJ.js                   36.13 kB
dist/assets/i18n-Dxw0N2I9.js                           39.34 kB
dist/assets/providerTemplates-BFHA1yzw.js              40.12 kB
dist/assets/base-modal-B2Aqt_Pj.js                     42.95 kB
dist/assets/i18n-vendor-DN_LR2yM.js                    48.95 kB
dist/assets/platform-i6vOkjUR.js                       60.16 kB
dist/assets/ConfigsView-C-3x6gT8.js                    61.73 kB
dist/assets/ProfilesSurface-CWS1gHeB.js                61.85 kB
dist/assets/DashboardView-bj2w3q9i.js                  66.08 kB
dist/assets/zod-CA53Ykna.js                            67.96 kB
dist/assets/CodexAuthView-DQ1i0lTp.js                  68.19 kB
dist/assets/UsageDashboardView-CWYhY5zr.js             83.08 kB
dist/assets/CheckinView-DF1XTya3.js                    85.58 kB
dist/assets/solarIconSubset-BmH57whZ.js                88.99 kB
dist/assets/motion-vendor-BHMaXyIp.js                 121.21 kB
dist/assets/ui-By7zAWDV.js                            129.14 kB
dist/assets/logger-_4Zvk2pK.js                        149.73 kB
dist/assets/zh-CN-mZN-OB3Y.js                         172.94 kB
dist/assets/en-US-nFO9nftD.js                         180.05 kB
dist/assets/index-DNQdr_uw.js                         191.34 kB
dist/assets/react-vendor-BKdQMsPz.js                  273.64 kB
dist/assets/charts-vendor-CaaDXHGw.js                 512.87 kB
dist/assets/SettingsSource-g_MZrhkQ.js                638.13 kB

✓ built in 3.65s
[plugin builtin:vite-reporter] 
(!) Some chunks are larger than 513 kB after minification. Consider:
- Using dynamic import() to code-split the application
- Use build.rolldownOptions.output.codeSplitting to improve chunking: https://rolldown.rs/reference/OutputOptions.codeSplitting
- Adjust chunk size limit for this warning via build.chunkSizeWarningLimit.
[33m[PLUGIN_TIMINGS] [0mYour build spent 91% of 3.6s inside plugin hooks (3.3s).
Not measurable — 1 hook whose calls overlap, so elapsed time covers work other calls were doing. Profile with `node --cpu-prof`:
  - vite:css transform (56 calls)
See https://rolldown.rs/reference/InputOptions.checks#plugintimings for more details.

✅ 前端构建完成
━━━━━━━━━━━━━━━━━━━━━━━━━━━━━━━━━━━━━━━━━━━━━━━
📚 文档构建检查
━━━━━━━━━━━━━━━━━━━━━━━━━━━━━━━━━━━━━━━━━━━━━━━
cd docs && bun install --frozen-lockfile && bun run audit && bun run build
bun install v1.4.2 (744846f84)

Checked 130 installs across 180 packages (no changes) [45.00ms]
$ node ./scripts/audit-docs.mjs
docs audit passed
$ vitepress build

  vitepress v1.6.4

- building client + server bundles...
[32m✓[0m building client + server bundles...
- rendering pages...
[32m✓[0m rendering pages...
build complete in 3.62s.
cd ccr-ui && bun run docs:audit
$ node ./scripts/audit-docs.mjs
ccr-ui docs audit passed
✅ 文档构建检查完成
✅ 前端检查全部通过
  Frontend Check ...... 02:45.973  OK

━━━ Frontend Audit ━━━
cd ccr-ui && bun run audit:dependencies
$ bun ./scripts/audit-dependencies.mjs
frontend dependency audit failed:
- brace-expansion: unapproved GHSA-qhr7-859c-m2p7 (high)
- brace-expansion: unapproved GHSA-6j4f-fj2g-mc7p (high)
- brace-expansion: unapproved GHSA-6j4f-fj2g-mc7p (high)
- brace-expansion: unapproved GHSA-q2hr-2g5m-vwhr (moderate)
- brace-expansion: unapproved GHSA-q2hr-2g5m-vwhr (moderate)
- brace-expansion: unapproved GHSA-qhr7-859c-m2p7 (high)
- fast-uri: unapproved GHSA-hrr3-gc8f-f4qj (moderate)
error: script "audit:dependencies" exited with code 1
error: recipe `frontend-audit` failed on line 838 with exit code 1
  Frontend Audit ...... 00:04.499  FAIL

━━━━━━━━━━━━━━━━━━━━━━━━━━━━━━━━━━━━━━━━━━━━━━━
  CI Timing Summary (failed at: Frontend Audit)
━━━━━━━━━━━━━━━━━━━━━━━━━━━━━━━━━━━━━━━━━━━━━━━
  Version Check ....... 00:02.113  OK
  Format Check ........ 00:05.942  OK
  OMP Check ........... 00:00.812  OK
  Harness Check ....... 00:01.646  OK
  Copilot Check ....... 00:15.398  OK
  Strict Clippy ....... 00:05.744  OK
  Workspace Check ..... 00:03.930  OK
  Test ................ 03:52.666  OK
  Release Build ....... 00:04.170  OK
  Security Audit ...... 00:10.150  OK
  CI Governance ....... 00:28.667  OK
  Tauri CI ............ 04:22.571  OK
  Frontend Check ...... 02:45.973  OK
  Frontend Audit ...... 00:04.499  FAIL
━━━━━━━━━━━━━━━━━━━━━━━━━━━━━━━━━━━━━━━━━━━━━━━
  TOTAL .............. 12:24.307
error: recipe `_ci-timed-windows` failed with exit code 1
error: recipe `ci` failed on line 549 with exit code 1
